repeatIndex,nodes,tasksPerNode,chunkSize,chunksPerTask,direct,filesystem,singleFile,repeat,stripes,operation,alignment,strided,randomStrided,bandwidth,dataSize,tasks
0,1,24,1024,4096,True,vast,False,10,1,write,4096,False,False,11.506399431114662,110.6804644422573,24
0,1,24,1024,4096,True,vast,False,10,1,write,4096,False,False,11.524822475816805,110.6804644422573,24
0,1,24,1024,4096,True,vast,False,10,1,write,4096,False,False,11.383939548915174,110.6804644422573,24
0,1,24,1024,4096,True,vast,False,10,1,write,4096,False,False,11.408972374466833,110.6804644422573,24
0,1,24,1024,4096,True,vast,False,10,1,write,4096,False,False,11.421266104226564,110.6804644422573,24
0,1,24,1024,4096,True,vast,False,10,1,write,4096,False,False,11.404986063533247,110.6804644422573,24
0,1,24,1024,4096,True,vast,False,10,1,write,4096,False,False,11.411603397854075,110.6804644422573,24
0,1,24,1024,4096,True,vast,False,10,1,write,4096,False,False,11.405913364062462,110.6804644422573,24
0,1,24,1024,4096,True,vast,False,10,1,write,4096,False,False,11.379513178988278,110.6804644422573,24
0,1,24,1024,4096,True,vast,False,10,1,write,4096,False,False,11.3990817594176,110.6804644422573,24
0,4,24,1024,4096,False,vast,False,10,1,write,4096,False,False,54.08317621407403,442.7218577690292,96
0,4,24,1024,4096,False,vast,False,10,1,write,4096,False,False,55.93127592361036,442.7218577690292,96
0,4,24,1024,4096,False,vast,False,10,1,write,4096,False,False,56.46972158262333,442.7218577690292,96
0,4,24,1024,4096,False,vast,False,10,1,write,4096,False,False,55.51532068544412,442.7218577690292,96
0,4,24,1024,4096,False,vast,False,10,1,write,4096,False,False,51.78364184798171,442.7218577690292,96
0,4,24,1024,4096,False,vast,False,10,1,write,4096,False,False,52.574768386069664,442.7218577690292,96
0,4,24,1024,4096,False,vast,False,10,1,write,4096,False,False,54.031805599868015,442.7218577690292,96
0,4,24,1024,4096,False,vast,False,10,1,write,4096,False,False,52.432193572976004,442.7218577690292,96
0,4,24,1024,4096,False,vast,False,10,1,write,4096,False,False,53.34421384731714,442.7218577690292,96
0,4,24,1024,4096,False,vast,False,10,1,write,4096,False,False,55.152842765167705,442.7218577690292,96
0,8,24,4096,4096,False,vast,False,10,1,write,4096,False,False,97.49524079851523,3541.7748621522337,192
0,8,24,4096,4096,False,vast,False,10,1,write,4096,False,False,100.60598965484348,3541.7748621522337,192
0,8,24,4096,4096,False,vast,False,10,1,write,4096,False,False,101.70812153529539,3541.7748621522337,192
0,8,24,4096,4096,False,vast,False,10,1,write,4096,False,False,103.30134370898433,3541.7748621522337,192
0,8,24,4096,4096,False,vast,False,10,1,write,4096,False,False,104.34951971495069,3541.7748621522337,192
0,8,24,4096,4096,False,vast,False,10,1,write,4096,False,False,103.15874427084724,3541.7748621522337,192
0,8,24,4096,4096,False,vast,False,10,1,write,4096,False,False,99.71291423036142,3541.7748621522337,192
0,8,24,4096,4096,False,vast,False,10,1,write,4096,False,False,102.29733489594362,3541.7748621522337,192
0,8,24,4096,4096,False,vast,False,10,1,write,4096,False,False,97.96381837547285,3541.7748621522337,192
0,8,24,4096,4096,False,vast,False,10,1,write,4096,False,False,110.36659311523289,3541.7748621522337,192
0,4,24,4,4096,False,vast,False,10,1,write,4096,False,False,16.536880180275663,1.7293822569102704,96
0,4,24,4,4096,False,vast,False,10,1,write,4096,False,False,17.129065380974318,1.7293822569102704,96
0,4,24,4,4096,False,vast,False,10,1,write,4096,False,False,15.642961331555961,1.7293822569102704,96
0,4,24,4,4096,False,vast,False,10,1,write,4096,False,False,14.02478453980916,1.7293822569102704,96
0,4,24,4,4096,False,vast,False,10,1,write,4096,False,False,11.570138626427807,1.7293822569102704,96
0,4,24,4,4096,False,vast,False,10,1,write,4096,False,False,13.22994586147214,1.7293822569102704,96
0,4,24,4,4096,False,vast,False,10,1,write,4096,False,False,16.427097066637838,1.7293822569102704,96
0,4,24,4,4096,False,vast,False,10,1,write,4096,False,False,16.957153478021503,1.7293822569102704,96
0,4,24,4,4096,False,vast,False,10,1,write,4096,False,False,14.730069728914833,1.7293822569102704,96
0,4,24,4,4096,False,vast,False,10,1,write,4096,False,False,14.4463372550416,1.7293822569102704,96
0,10,24,4096,4096,False,vast,False,10,1,write,4096,False,False,104.8023940537424,4427.218577690292,240
0,10,24,4096,4096,False,vast,False,10,1,write,4096,False,False,105.1852861898082,4427.218577690292,240
0,10,24,4096,4096,False,vast,False,10,1,write,4096,False,False,106.12154717795698,4427.218577690292,240
0,10,24,4096,4096,False,vast,False,10,1,write,4096,False,False,106.34383187890654,4427.218577690292,240
0,10,24,4096,4096,False,vast,False,10,1,write,4096,False,False,105.79679419220726,4427.218577690292,240
0,10,24,4096,4096,False,vast,False,10,1,write,4096,False,False,106.6479762451045,4427.218577690292,240
0,10,24,4096,4096,False,vast,False,10,1,write,4096,False,False,106.83616489132591,4427.218577690292,240
0,10,24,4096,4096,False,vast,False,10,1,write,4096,False,False,105.43944044356311,4427.218577690292,240
0,10,24,4096,4096,False,vast,False,10,1,write,4096,False,False,105.94353572565448,4427.218577690292,240
0,10,24,4096,4096,False,vast,False,10,1,write,4096,False,False,109.4661870722193,4427.218577690292,240
0,8,24,1024,4096,True,vast,False,10,1,write,4096,False,False,74.82676523104028,885.4437155380584,192
0,8,24,1024,4096,True,vast,False,10,1,write,4096,False,False,75.75028245552183,885.4437155380584,192
0,8,24,1024,4096,True,vast,False,10,1,write,4096,False,False,73.85500552624356,885.4437155380584,192
0,8,24,1024,4096,True,vast,False,10,1,write,4096,False,False,73.85893143673167,885.4437155380584,192
0,8,24,1024,4096,True,vast,False,10,1,write,4096,False,False,76.00138705025086,885.4437155380584,192
0,8,24,1024,4096,True,vast,False,10,1,write,4096,False,False,77.51961164889529,885.4437155380584,192
0,8,24,1024,4096,True,vast,False,10,1,write,4096,False,False,77.33584382763986,885.4437155380584,192
0,8,24,1024,4096,True,vast,False,10,1,write,4096,False,False,76.93881060891012,885.4437155380584,192
0,8,24,1024,4096,True,vast,False,10,1,write,4096,False,False,76.44386624978918,885.4437155380584,192
0,8,24,1024,4096,True,vast,False,10,1,write,4096,False,False,75.72167945373484,885.4437155380584,192
0,4,24,4,4096,True,vast,False,10,1,write,4096,False,False,0.5438571657304909,1.7293822569102704,96
0,4,24,4,4096,True,vast,False,10,1,write,4096,False,False,0.5449836534755147,1.7293822569102704,96
0,4,24,4,4096,True,vast,False,10,1,write,4096,False,False,0.5404447807388247,1.7293822569102704,96
0,4,24,4,4096,True,vast,False,10,1,write,4096,False,False,0.5436960244288366,1.7293822569102704,96
0,4,24,4,4096,True,vast,False,10,1,write,4096,False,False,0.5510529918078141,1.7293822569102704,96
0,4,24,4,4096,True,vast,False,10,1,write,4096,False,False,0.5535694775579234,1.7293822569102704,96
0,4,24,4,4096,True,vast,False,10,1,write,4096,False,False,0.5587818452263429,1.7293822569102704,96
0,4,24,4,4096,True,vast,False,10,1,write,4096,False,False,0.5566895843038626,1.7293822569102704,96
0,4,24,4,4096,True,vast,False,10,1,write,4096,False,False,0.5641011415710264,1.7293822569102704,96
0,4,24,4,4096,True,vast,False,10,1,write,4096,False,False,0.5598599637579937,1.7293822569102704,96
0,1,24,4,4096,False,vast,False,10,1,write,4096,False,False,4.867182617376806,0.4323455642275676,24
0,1,24,4,4096,False,vast,False,10,1,write,4096,False,False,5.153037792582196,0.4323455642275676,24
0,1,24,4,4096,False,vast,False,10,1,write,4096,False,False,5.105608664263053,0.4323455642275676,24
0,1,24,4,4096,False,vast,False,10,1,write,4096,False,False,5.143041116147833,0.4323455642275676,24
0,1,24,4,4096,False,vast,False,10,1,write,4096,False,False,5.1939541690404605,0.4323455642275676,24
0,1,24,4,4096,False,vast,False,10,1,write,4096,False,False,5.031097396321377,0.4323455642275676,24
0,1,24,4,4096,False,vast,False,10,1,write,4096,False,False,4.857646964048705,0.4323455642275676,24
0,1,24,4,4096,False,vast,False,10,1,write,4096,False,False,4.821582663095797,0.4323455642275676,24
0,1,24,4,4096,False,vast,False,10,1,write,4096,False,False,5.180185989657856,0.4323455642275676,24
0,1,24,4,4096,False,vast,False,10,1,write,4096,False,False,4.8459448115038155,0.4323455642275676,24
0,1,24,4096,4096,True,vast,False,10,1,write,4096,False,False,23.248564135865724,442.7218577690292,24
0,1,24,4096,4096,True,vast,False,10,1,write,4096,False,False,23.060922900506093,442.7218577690292,24
0,1,24,4096,4096,True,vast,False,10,1,write,4096,False,False,23.13409020452574,442.7218577690292,24
0,1,24,4096,4096,True,vast,False,10,1,write,4096,False,False,23.11376220358382,442.7218577690292,24
0,1,24,4096,4096,True,vast,False,10,1,write,4096,False,False,23.15979374921607,442.7218577690292,24
0,1,24,4096,4096,True,vast,False,10,1,write,4096,False,False,23.347592124002254,442.7218577690292,24
0,1,24,4096,4096,True,vast,False,10,1,write,4096,False,False,23.535846675947543,442.7218577690292,24
0,1,24,4096,4096,True,vast,False,10,1,write,4096,False,False,23.486666813615507,442.7218577690292,24
0,1,24,4096,4096,True,vast,False,10,1,write,4096,False,False,23.257933601360303,442.7218577690292,24
0,1,24,4096,4096,True,vast,False,10,1,write,4096,False,False,22.966983235712057,442.7218577690292,24
0,1,24,4096,4096,False,vast,False,10,1,write,4096,False,False,20.169463774700866,442.7218577690292,24
0,1,24,4096,4096,False,vast,False,10,1,write,4096,False,False,20.403364323059357,442.7218577690292,24
0,1,24,4096,4096,False,vast,False,10,1,write,4096,False,False,20.29520717992802,442.7218577690292,24
0,1,24,4096,4096,False,vast,False,10,1,write,4096,False,False,18.908463329299348,442.7218577690292,24
0,1,24,4096,4096,False,vast,False,10,1,write,4096,False,False,19.113812746464482,442.7218577690292,24
0,1,24,4096,4096,False,vast,False,10,1,write,4096,False,False,18.271479349997385,442.7218577690292,24
0,1,24,4096,4096,False,vast,False,10,1,write,4096,False,False,19.50012573115311,442.7218577690292,24
0,1,24,4096,4096,False,vast,False,10,1,write,4096,False,False,20.2482665155261,442.7218577690292,24
0,1,24,4096,4096,False,vast,False,10,1,write,4096,False,False,18.309578259243324,442.7218577690292,24
0,1,24,4096,4096,False,vast,False,10,1,write,4096,False,False,18.903033802065256,442.7218577690292,24
0,8,24,4096,4096,True,vast,False,10,1,write,4096,False,False,103.72082164385104,3541.7748621522337,192
0,8,24,4096,4096,True,vast,False,10,1,write,4096,False,False,106.13868074953676,3541.7748621522337,192
0,8,24,4096,4096,True,vast,False,10,1,write,4096,False,False,106.49699946927801,3541.7748621522337,192
0,8,24,4096,4096,True,vast,False,10,1,write,4096,False,False,105.62498538244984,3541.7748621522337,192
0,8,24,4096,4096,True,vast,False,10,1,write,4096,False,False,105.69819713497388,3541.7748621522337,192
0,8,24,4096,4096,True,vast,False,10,1,write,4096,False,False,104.21936588998125,3541.7748621522337,192
0,8,24,4096,4096,True,vast,False,10,1,write,4096,False,False,100.94702308869985,3541.7748621522337,192
0,8,24,4096,4096,True,vast,False,10,1,write,4096,False,False,102.40072697201818,3541.7748621522337,192
0,8,24,4096,4096,True,vast,False,10,1,write,4096,False,False,108.67387690276696,3541.7748621522337,192
0,8,24,4096,4096,True,vast,False,10,1,write,4096,False,False,126.55679581987187,3541.7748621522337,192
0,2,24,1024,4096,False,vast,False,10,1,write,4096,False,False,31.897295402653967,221.3609288845146,48
0,2,24,1024,4096,False,vast,False,10,1,write,4096,False,False,34.29531344992777,221.3609288845146,48
0,2,24,1024,4096,False,vast,False,10,1,write,4096,False,False,35.662343461145284,221.3609288845146,48
0,2,24,1024,4096,False,vast,False,10,1,write,4096,False,False,34.70741143392289,221.3609288845146,48
0,2,24,1024,4096,False,vast,False,10,1,write,4096,False,False,34.34159732191349,221.3609288845146,48
0,2,24,1024,4096,False,vast,False,10,1,write,4096,False,False,35.47053007069966,221.3609288845146,48
0,2,24,1024,4096,False,vast,False,10,1,write,4096,False,False,34.2930022594794,221.3609288845146,48
0,2,24,1024,4096,False,vast,False,10,1,write,4096,False,False,33.81006873002656,221.3609288845146,48
0,2,24,1024,4096,False,vast,False,10,1,write,4096,False,False,32.62582890835451,221.3609288845146,48
0,2,24,1024,4096,False,vast,False,10,1,write,4096,False,False,37.06072278860271,221.3609288845146,48
0,10,24,1024,4096,True,vast,False,10,1,write,4096,False,False,82.36301527927462,1106.804644422573,240
0,10,24,1024,4096,True,vast,False,10,1,write,4096,False,False,85.77366774022538,1106.804644422573,240
0,10,24,1024,4096,True,vast,False,10,1,write,4096,False,False,86.44393282055063,1106.804644422573,240
0,10,24,1024,4096,True,vast,False,10,1,write,4096,False,False,86.98265878789812,1106.804644422573,240
0,10,24,1024,4096,True,vast,False,10,1,write,4096,False,False,86.54417707796999,1106.804644422573,240
0,10,24,1024,4096,True,vast,False,10,1,write,4096,False,False,85.81347995080174,1106.804644422573,240
0,10,24,1024,4096,True,vast,False,10,1,write,4096,False,False,83.63633627104997,1106.804644422573,240
0,10,24,1024,4096,True,vast,False,10,1,write,4096,False,False,85.54036532672245,1106.804644422573,240
0,10,24,1024,4096,True,vast,False,10,1,write,4096,False,False,82.42524289118268,1106.804644422573,240
0,10,24,1024,4096,True,vast,False,10,1,write,4096,False,False,90.3394405675255,1106.804644422573,240
0,8,24,4,4096,False,vast,False,10,1,write,4096,False,False,24.317699214245458,3.4587645138205407,192
0,8,24,4,4096,False,vast,False,10,1,write,4096,False,False,32.1610485418646,3.4587645138205407,192
0,8,24,4,4096,False,vast,False,10,1,write,4096,False,False,27.778236737566836,3.4587645138205407,192
0,8,24,4,4096,False,vast,False,10,1,write,4096,False,False,17.487749264045885,3.4587645138205407,192
0,8,24,4,4096,False,vast,False,10,1,write,4096,False,False,19.266184353624972,3.4587645138205407,192
0,8,24,4,4096,False,vast,False,10,1,write,4096,False,False,25.37701488829188,3.4587645138205407,192
0,8,24,4,4096,False,vast,False,10,1,write,4096,False,False,23.480975410307135,3.4587645138205407,192
0,8,24,4,4096,False,vast,False,10,1,write,4096,False,False,24.66696356843859,3.4587645138205407,192
0,8,24,4,4096,False,vast,False,10,1,write,4096,False,False,29.35939336517634,3.4587645138205407,192
0,8,24,4,4096,False,vast,False,10,1,write,4096,False,False,31.30561408284408,3.4587645138205407,192
0,2,24,4096,4096,False,vast,False,10,1,write,4096,False,False,34.29880786490677,885.4437155380584,48
0,2,24,4096,4096,False,vast,False,10,1,write,4096,False,False,35.366112111583334,885.4437155380584,48
0,2,24,4096,4096,False,vast,False,10,1,write,4096,False,False,35.81314433567302,885.4437155380584,48
0,2,24,4096,4096,False,vast,False,10,1,write,4096,False,False,35.817652810137055,885.4437155380584,48
0,2,24,4096,4096,False,vast,False,10,1,write,4096,False,False,34.172946713233536,885.4437155380584,48
0,2,24,4096,4096,False,vast,False,10,1,write,4096,False,False,33.17395391970466,885.4437155380584,48
0,2,24,4096,4096,False,vast,False,10,1,write,4096,False,False,32.76192419839109,885.4437155380584,48
0,2,24,4096,4096,False,vast,False,10,1,write,4096,False,False,32.21428228189339,885.4437155380584,48
0,2,24,4096,4096,False,vast,False,10,1,write,4096,False,False,31.993838450060277,885.4437155380584,48
0,2,24,4096,4096,False,vast,False,10,1,write,4096,False,False,36.33848875068888,885.4437155380584,48
0,10,24,4,4096,True,vast,False,10,1,write,4096,False,False,1.3698847348599905,4.323455642275675,240
0,10,24,4,4096,True,vast,False,10,1,write,4096,False,False,1.3810311595443594,4.323455642275675,240
0,10,24,4,4096,True,vast,False,10,1,write,4096,False,False,1.3216255155531813,4.323455642275675,240
0,10,24,4,4096,True,vast,False,10,1,write,4096,False,False,1.355133735325564,4.323455642275675,240
0,10,24,4,4096,True,vast,False,10,1,write,4096,False,False,1.3685312630734354,4.323455642275675,240
0,10,24,4,4096,True,vast,False,10,1,write,4096,False,False,1.3804684634544397,4.323455642275675,240
0,10,24,4,4096,True,vast,False,10,1,write,4096,False,False,1.3276561282797368,4.323455642275675,240
0,10,24,4,4096,True,vast,False,10,1,write,4096,False,False,1.2341338282565422,4.323455642275675,240
0,10,24,4,4096,True,vast,False,10,1,write,4096,False,False,1.2504488160398706,4.323455642275675,240
0,10,24,4,4096,True,vast,False,10,1,write,4096,False,False,1.310823840972813,4.323455642275675,240
0,10,24,1024,4096,False,vast,False,10,1,write,4096,False,False,102.56199094273404,1106.804644422573,240
0,10,24,1024,4096,False,vast,False,10,1,write,4096,False,False,104.31173317949573,1106.804644422573,240
0,10,24,1024,4096,False,vast,False,10,1,write,4096,False,False,105.43453841844173,1106.804644422573,240
0,10,24,1024,4096,False,vast,False,10,1,write,4096,False,False,104.62361119437723,1106.804644422573,240
0,10,24,1024,4096,False,vast,False,10,1,write,4096,False,False,103.73182550287257,1106.804644422573,240
0,10,24,1024,4096,False,vast,False,10,1,write,4096,False,False,104.74627588303264,1106.804644422573,240
0,10,24,1024,4096,False,vast,False,10,1,write,4096,False,False,104.89443684036635,1106.804644422573,240
0,10,24,1024,4096,False,vast,False,10,1,write,4096,False,False,104.51095384464313,1106.804644422573,240
0,10,24,1024,4096,False,vast,False,10,1,write,4096,False,False,102.69908533600444,1106.804644422573,240
0,10,24,1024,4096,False,vast,False,10,1,write,4096,False,False,102.06611230319436,1106.804644422573,240
0,2,24,4096,4096,True,vast,False,10,1,write,4096,False,False,39.88086407592149,885.4437155380584,48
0,2,24,4096,4096,True,vast,False,10,1,write,4096,False,False,38.896639215463864,885.4437155380584,48
0,2,24,4096,4096,True,vast,False,10,1,write,4096,False,False,39.11480755738034,885.4437155380584,48
0,2,24,4096,4096,True,vast,False,10,1,write,4096,False,False,40.12046114772577,885.4437155380584,48
0,2,24,4096,4096,True,vast,False,10,1,write,4096,False,False,40.66998272439625,885.4437155380584,48
0,2,24,4096,4096,True,vast,False,10,1,write,4096,False,False,40.43209335807389,885.4437155380584,48
0,2,24,4096,4096,True,vast,False,10,1,write,4096,False,False,41.12860283116572,885.4437155380584,48
0,2,24,4096,4096,True,vast,False,10,1,write,4096,False,False,40.99416945789421,885.4437155380584,48
0,2,24,4096,4096,True,vast,False,10,1,write,4096,False,False,40.544206694790994,885.4437155380584,48
0,2,24,4096,4096,True,vast,False,10,1,write,4096,False,False,41.46200194172056,885.4437155380584,48
0,4,24,4096,4096,True,vast,False,10,1,write,4096,False,False,72.09509620491681,1770.8874310761169,96
0,4,24,4096,4096,True,vast,False,10,1,write,4096,False,False,73.022492774247,1770.8874310761169,96
0,4,24,4096,4096,True,vast,False,10,1,write,4096,False,False,74.9344440326046,1770.8874310761169,96
0,4,24,4096,4096,True,vast,False,10,1,write,4096,False,False,76.3224081145248,1770.8874310761169,96
0,4,24,4096,4096,True,vast,False,10,1,write,4096,False,False,74.47010184472187,1770.8874310761169,96
0,4,24,4096,4096,True,vast,False,10,1,write,4096,False,False,76.41992072458197,1770.8874310761169,96
0,4,24,4096,4096,True,vast,False,10,1,write,4096,False,False,74.89537234462016,1770.8874310761169,96
0,4,24,4096,4096,True,vast,False,10,1,write,4096,False,False,75.52347036810434,1770.8874310761169,96
0,4,24,4096,4096,True,vast,False,10,1,write,4096,False,False,77.14605807102944,1770.8874310761169,96
0,4,24,4096,4096,True,vast,False,10,1,write,4096,False,False,85.26976913027009,1770.8874310761169,96
0,8,24,1024,4096,False,vast,False,10,1,write,4096,False,False,96.88093171141016,885.4437155380584,192
0,8,24,1024,4096,False,vast,False,10,1,write,4096,False,False,98.96265030124616,885.4437155380584,192
0,8,24,1024,4096,False,vast,False,10,1,write,4096,False,False,100.0336784959004,885.4437155380584,192
0,8,24,1024,4096,False,vast,False,10,1,write,4096,False,False,101.59406908803582,885.4437155380584,192
0,8,24,1024,4096,False,vast,False,10,1,write,4096,False,False,98.43344816869808,885.4437155380584,192
0,8,24,1024,4096,False,vast,False,10,1,write,4096,False,False,99.6821852981514,885.4437155380584,192
0,8,24,1024,4096,False,vast,False,10,1,write,4096,False,False,99.36865856203327,885.4437155380584,192
0,8,24,1024,4096,False,vast,False,10,1,write,4096,False,False,97.2499988836928,885.4437155380584,192
0,8,24,1024,4096,False,vast,False,10,1,write,4096,False,False,98.457184860395,885.4437155380584,192
0,8,24,1024,4096,False,vast,False,10,1,write,4096,False,False,108.42655398664985,885.4437155380584,192
0,2,24,4,4096,False,vast,False,10,1,write,4096,False,False,8.586254088462795,0.8646911284551352,48
0,2,24,4,4096,False,vast,False,10,1,write,4096,False,False,9.211318231129829,0.8646911284551352,48
0,2,24,4,4096,False,vast,False,10,1,write,4096,False,False,9.92572806388599,0.8646911284551352,48
0,2,24,4,4096,False,vast,False,10,1,write,4096,False,False,9.790159599725902,0.8646911284551352,48
0,2,24,4,4096,False,vast,False,10,1,write,4096,False,False,9.798033716990556,0.8646911284551352,48
0,2,24,4,4096,False,vast,False,10,1,write,4096,False,False,9.66369616859262,0.8646911284551352,48
0,2,24,4,4096,False,vast,False,10,1,write,4096,False,False,9.50654793282919,0.8646911284551352,48
0,2,24,4,4096,False,vast,False,10,1,write,4096,False,False,8.232783533313937,0.8646911284551352,48
0,2,24,4,4096,False,vast,False,10,1,write,4096,False,False,8.976078499678675,0.8646911284551352,48
0,2,24,4,4096,False,vast,False,10,1,write,4096,False,False,9.601976343664438,0.8646911284551352,48
0,4,24,1024,4096,True,vast,False,10,1,write,4096,False,False,41.336076010881115,442.7218577690292,96
0,4,24,1024,4096,True,vast,False,10,1,write,4096,False,False,42.054049476000245,442.7218577690292,96
0,4,24,1024,4096,True,vast,False,10,1,write,4096,False,False,42.00962493073399,442.7218577690292,96
0,4,24,1024,4096,True,vast,False,10,1,write,4096,False,False,41.95778893278873,442.7218577690292,96
0,4,24,1024,4096,True,vast,False,10,1,write,4096,False,False,42.02877124990012,442.7218577690292,96
0,4,24,1024,4096,True,vast,False,10,1,write,4096,False,False,41.16021137570616,442.7218577690292,96
0,4,24,1024,4096,True,vast,False,10,1,write,4096,False,False,40.545509194521834,442.7218577690292,96
0,4,24,1024,4096,True,vast,False,10,1,write,4096,False,False,41.534792214483254,442.7218577690292,96
0,4,24,1024,4096,True,vast,False,10,1,write,4096,False,False,42.592797519582795,442.7218577690292,96
0,4,24,1024,4096,True,vast,False,10,1,write,4096,False,False,42.98071005155106,442.7218577690292,96
0,4,24,4096,4096,False,vast,False,10,1,write,4096,False,False,53.45272558101357,1770.8874310761169,96
0,4,24,4096,4096,False,vast,False,10,1,write,4096,False,False,58.39682192532112,1770.8874310761169,96
0,4,24,4096,4096,False,vast,False,10,1,write,4096,False,False,57.78933701927496,1770.8874310761169,96
0,4,24,4096,4096,False,vast,False,10,1,write,4096,False,False,56.547163352097925,1770.8874310761169,96
0,4,24,4096,4096,False,vast,False,10,1,write,4096,False,False,60.2059412169014,1770.8874310761169,96
0,4,24,4096,4096,False,vast,False,10,1,write,4096,False,False,63.10976336304986,1770.8874310761169,96
0,4,24,4096,4096,False,vast,False,10,1,write,4096,False,False,66.94552946312038,1770.8874310761169,96
0,4,24,4096,4096,False,vast,False,10,1,write,4096,False,False,67.01686205683055,1770.8874310761169,96
0,4,24,4096,4096,False,vast,False,10,1,write,4096,False,False,66.18911222951388,1770.8874310761169,96
0,4,24,4096,4096,False,vast,False,10,1,write,4096,False,False,69.72905486223803,1770.8874310761169,96
0,2,24,4,4096,True,vast,False,10,1,write,4096,False,False,0.28415636603221806,0.8646911284551352,48
0,2,24,4,4096,True,vast,False,10,1,write,4096,False,False,0.2803103568945157,0.8646911284551352,48
0,2,24,4,4096,True,vast,False,10,1,write,4096,False,False,0.2849250720988221,0.8646911284551352,48
0,2,24,4,4096,True,vast,False,10,1,write,4096,False,False,0.28202591649609043,0.8646911284551352,48
0,2,24,4,4096,True,vast,False,10,1,write,4096,False,False,0.2759989633309944,0.8646911284551352,48
0,2,24,4,4096,True,vast,False,10,1,write,4096,False,False,0.284965379708398,0.8646911284551352,48
0,2,24,4,4096,True,vast,False,10,1,write,4096,False,False,0.28590635670567255,0.8646911284551352,48
0,2,24,4,4096,True,vast,False,10,1,write,4096,False,False,0.28546213801064424,0.8646911284551352,48
0,2,24,4,4096,True,vast,False,10,1,write,4096,False,False,0.285685296368764,0.8646911284551352,48
0,2,24,4,4096,True,vast,False,10,1,write,4096,False,False,0.28224388003980133,0.8646911284551352,48
0,8,24,4,4096,True,vast,False,10,1,write,4096,False,False,1.0226890836955993,3.4587645138205407,192
0,8,24,4,4096,True,vast,False,10,1,write,4096,False,False,1.0021712637816145,3.4587645138205407,192
0,8,24,4,4096,True,vast,False,10,1,write,4096,False,False,0.9731531209671916,3.4587645138205407,192
0,8,24,4,4096,True,vast,False,10,1,write,4096,False,False,1.0578656635087422,3.4587645138205407,192
0,8,24,4,4096,True,vast,False,10,1,write,4096,False,False,1.0706671954389402,3.4587645138205407,192
0,8,24,4,4096,True,vast,False,10,1,write,4096,False,False,1.0622263674561623,3.4587645138205407,192
0,8,24,4,4096,True,vast,False,10,1,write,4096,False,False,1.0879732918328113,3.4587645138205407,192
0,8,24,4,4096,True,vast,False,10,1,write,4096,False,False,1.1009959699908825,3.4587645138205407,192
0,8,24,4,4096,True,vast,False,10,1,write,4096,False,False,1.0665891929670568,3.4587645138205407,192
0,8,24,4,4096,True,vast,False,10,1,write,4096,False,False,1.1023110741465916,3.4587645138205407,192
0,10,24,4,4096,False,vast,False,10,1,write,4096,False,False,33.16802014291647,4.323455642275675,240
0,10,24,4,4096,False,vast,False,10,1,write,4096,False,False,29.793633089093383,4.323455642275675,240
0,10,24,4,4096,False,vast,False,10,1,write,4096,False,False,28.53654034873282,4.323455642275675,240
0,10,24,4,4096,False,vast,False,10,1,write,4096,False,False,28.785910201592092,4.323455642275675,240
0,10,24,4,4096,False,vast,False,10,1,write,4096,False,False,29.71819864399104,4.323455642275675,240
0,10,24,4,4096,False,vast,False,10,1,write,4096,False,False,22.654135884478848,4.323455642275675,240
0,10,24,4,4096,False,vast,False,10,1,write,4096,False,False,24.058772370526007,4.323455642275675,240
0,10,24,4,4096,False,vast,False,10,1,write,4096,False,False,24.866467630720102,4.323455642275675,240
0,10,24,4,4096,False,vast,False,10,1,write,4096,False,False,35.419002830514025,4.323455642275675,240
0,10,24,4,4096,False,vast,False,10,1,write,4096,False,False,34.49205688852763,4.323455642275675,240
0,1,24,4,4096,True,vast,False,10,1,write,4096,False,False,0.14349988519281348,0.4323455642275676,24
0,1,24,4,4096,True,vast,False,10,1,write,4096,False,False,0.14358982880288107,0.4323455642275676,24
0,1,24,4,4096,True,vast,False,10,1,write,4096,False,False,0.1437895258867699,0.4323455642275676,24
0,1,24,4,4096,True,vast,False,10,1,write,4096,False,False,0.14166648600654413,0.4323455642275676,24
0,1,24,4,4096,True,vast,False,10,1,write,4096,False,False,0.14404352728660486,0.4323455642275676,24
0,1,24,4,4096,True,vast,False,10,1,write,4096,False,False,0.1442867909918004,0.4323455642275676,24
0,1,24,4,4096,True,vast,False,10,1,write,4096,False,False,0.1437387808288545,0.4323455642275676,24
0,1,24,4,4096,True,vast,False,10,1,write,4096,False,False,0.14331777221093758,0.4323455642275676,24
0,1,24,4,4096,True,vast,False,10,1,write,4096,False,False,0.14421825808344868,0.4323455642275676,24
0,1,24,4,4096,True,vast,False,10,1,write,4096,False,False,0.14372448674726793,0.4323455642275676,24
0,10,24,4096,4096,True,vast,False,10,1,write,4096,False,False,112.70060569628342,4427.218577690292,240
0,10,24,4096,4096,True,vast,False,10,1,write,4096,False,False,111.25123452551962,4427.218577690292,240
0,10,24,4096,4096,True,vast,False,10,1,write,4096,False,False,111.17945036518343,4427.218577690292,240
0,10,24,4096,4096,True,vast,False,10,1,write,4096,False,False,109.99799150386902,4427.218577690292,240
0,10,24,4096,4096,True,vast,False,10,1,write,4096,False,False,108.16867737192834,4427.218577690292,240
0,10,24,4096,4096,True,vast,False,10,1,write,4096,False,False,112.31997307142733,4427.218577690292,240
0,10,24,4096,4096,True,vast,False,10,1,write,4096,False,False,111.83395343732323,4427.218577690292,240
0,10,24,4096,4096,True,vast,False,10,1,write,4096,False,False,112.54104537181158,4427.218577690292,240
0,10,24,4096,4096,True,vast,False,10,1,write,4096,False,False,118.96623242387518,4427.218577690292,240
0,10,24,4096,4096,True,vast,False,10,1,write,4096,False,False,143.32535679067098,4427.218577690292,240
0,2,24,1024,4096,True,vast,False,10,1,write,4096,False,False,22.54835549982379,221.3609288845146,48
0,2,24,1024,4096,True,vast,False,10,1,write,4096,False,False,22.34338986391295,221.3609288845146,48
0,2,24,1024,4096,True,vast,False,10,1,write,4096,False,False,22.161678112820386,221.3609288845146,48
0,2,24,1024,4096,True,vast,False,10,1,write,4096,False,False,22.267514267617432,221.3609288845146,48
0,2,24,1024,4096,True,vast,False,10,1,write,4096,False,False,22.440695464562186,221.3609288845146,48
0,2,24,1024,4096,True,vast,False,10,1,write,4096,False,False,22.44307145954655,221.3609288845146,48
0,2,24,1024,4096,True,vast,False,10,1,write,4096,False,False,22.480335360428022,221.3609288845146,48
0,2,24,1024,4096,True,vast,False,10,1,write,4096,False,False,22.51880857944865,221.3609288845146,48
0,2,24,1024,4096,True,vast,False,10,1,write,4096,False,False,22.49681399409674,221.3609288845146,48
0,2,24,1024,4096,True,vast,False,10,1,write,4096,False,False,22.733877758589664,221.3609288845146,48
0,1,24,1024,4096,False,vast,False,10,1,write,4096,False,False,21.378803668901863,110.6804644422573,24
0,1,24,1024,4096,False,vast,False,10,1,write,4096,False,False,21.39660086983608,110.6804644422573,24
0,1,24,1024,4096,False,vast,False,10,1,write,4096,False,False,21.35329148074068,110.6804644422573,24
0,1,24,1024,4096,False,vast,False,10,1,write,4096,False,False,21.158812051385013,110.6804644422573,24
0,1,24,1024,4096,False,vast,False,10,1,write,4096,False,False,21.083557726354226,110.6804644422573,24
0,1,24,1024,4096,False,vast,False,10,1,write,4096,False,False,21.249201431748133,110.6804644422573,24
0,1,24,1024,4096,False,vast,False,10,1,write,4096,False,False,21.38875049338223,110.6804644422573,24
0,1,24,1024,4096,False,vast,False,10,1,write,4096,False,False,21.092661866136538,110.6804644422573,24
0,1,24,1024,4096,False,vast,False,10,1,write,4096,False,False,21.202805322570114,110.6804644422573,24
0,1,24,1024,4096,False,vast,False,10,1,write,4096,False,False,21.177985543464743,110.6804644422573,24
