repeatIndex,nodes,tasksPerNode,chunkSize,chunksPerTask,direct,filesystem,singleFile,repeat,stripes,operation,alignment,strided,randomStrided,maxRandomStride,bandwidth,dataSize,tasks
0,8,24,4,4096,False,lustre,False,10,1,write,4096,False,True,1024,0.4726924213937803,3.4587645138205407,192
0,8,24,4,4096,False,lustre,False,10,1,write,4096,False,True,1024,0.37546518488721675,3.4587645138205407,192
0,8,24,4,4096,False,lustre,False,10,1,write,4096,False,True,1024,0.32181031502194035,3.4587645138205407,192
0,8,24,4,4096,False,lustre,False,10,1,write,4096,False,True,1024,0.34108714463478285,3.4587645138205407,192
0,8,24,4,4096,False,lustre,False,10,1,write,4096,False,True,1024,0.21898617743685403,3.4587645138205407,192
0,8,24,4,4096,False,lustre,False,10,1,write,4096,False,True,1024,0.39632921977150204,3.4587645138205407,192
0,8,24,4,4096,False,lustre,False,10,1,write,4096,False,True,1024,0.39420961934888804,3.4587645138205407,192
0,8,24,4,4096,False,lustre,False,10,1,write,4096,False,True,1024,0.40020701730777575,3.4587645138205407,192
0,8,24,4,4096,False,lustre,False,10,1,write,4096,False,True,1024,0.37794522287703053,3.4587645138205407,192
0,8,24,4,4096,False,lustre,False,10,1,write,4096,False,True,1024,0.3857125335538105,3.4587645138205407,192
0,4,8,4,4096,False,vast,False,10,1,write,4096,False,True,1024,0.8933876887929187,0.5764607523034235,32
0,4,8,4,4096,False,vast,False,10,1,write,4096,False,True,1024,0.8475997025881374,0.5764607523034235,32
0,4,8,4,4096,False,vast,False,10,1,write,4096,False,True,1024,0.8876691876465134,0.5764607523034235,32
0,4,8,4,4096,False,vast,False,10,1,write,4096,False,True,1024,0.9288604632304697,0.5764607523034235,32
0,4,8,4,4096,False,vast,False,10,1,write,4096,False,True,1024,0.9111779190574408,0.5764607523034235,32
0,4,8,4,4096,False,vast,False,10,1,write,4096,False,True,1024,0.4244284391248082,0.5764607523034235,32
0,4,8,4,4096,False,vast,False,10,1,write,4096,False,True,1024,0.5323495285110016,0.5764607523034235,32
0,4,8,4,4096,False,vast,False,10,1,write,4096,False,True,1024,0.7726500976011097,0.5764607523034235,32
0,4,8,4,4096,False,vast,False,10,1,write,4096,False,True,1024,0.9510238533726227,0.5764607523034235,32
0,4,8,4,4096,False,vast,False,10,1,write,4096,False,True,1024,1.0376458680762717,0.5764607523034235,32
0,4,2,4,4096,False,lustre,False,10,1,write,4096,False,True,1024,0.3075191264063986,0.14411518807585588,8
0,4,2,4,4096,False,lustre,False,10,1,write,4096,False,True,1024,0.3216093787846027,0.14411518807585588,8
0,4,2,4,4096,False,lustre,False,10,1,write,4096,False,True,1024,0.24679335907230684,0.14411518807585588,8
0,4,2,4,4096,False,lustre,False,10,1,write,4096,False,True,1024,0.32303556950637596,0.14411518807585588,8
0,4,2,4,4096,False,lustre,False,10,1,write,4096,False,True,1024,0.3378574730139322,0.14411518807585588,8
0,4,2,4,4096,False,lustre,False,10,1,write,4096,False,True,1024,0.29107114371950044,0.14411518807585588,8
0,4,2,4,4096,False,lustre,False,10,1,write,4096,False,True,1024,0.3586321993824541,0.14411518807585588,8
0,4,2,4,4096,False,lustre,False,10,1,write,4096,False,True,1024,0.3053340562743789,0.14411518807585588,8
0,4,2,4,4096,False,lustre,False,10,1,write,4096,False,True,1024,0.37421508472255116,0.14411518807585588,8
0,4,2,4,4096,False,lustre,False,10,1,write,4096,False,True,1024,0.24321313290518423,0.14411518807585588,8
0,2,1,4,4096,False,vast,False,10,1,write,4096,False,True,1024,0.14851149417648388,0.03602879701896397,2
0,2,1,4,4096,False,vast,False,10,1,write,4096,False,True,1024,0.14130381117505308,0.03602879701896397,2
0,2,1,4,4096,False,vast,False,10,1,write,4096,False,True,1024,0.1344286610875128,0.03602879701896397,2
0,2,1,4,4096,False,vast,False,10,1,write,4096,False,True,1024,0.15250057477851478,0.03602879701896397,2
0,2,1,4,4096,False,vast,False,10,1,write,4096,False,True,1024,0.14745239951188666,0.03602879701896397,2
0,2,1,4,4096,False,vast,False,10,1,write,4096,False,True,1024,0.14005642021401926,0.03602879701896397,2
0,2,1,4,4096,False,vast,False,10,1,write,4096,False,True,1024,0.15011539709738977,0.03602879701896397,2
0,2,1,4,4096,False,vast,False,10,1,write,4096,False,True,1024,0.14368424493204315,0.03602879701896397,2
0,2,1,4,4096,False,vast,False,10,1,write,4096,False,True,1024,0.1365339188913871,0.03602879701896397,2
0,2,1,4,4096,False,vast,False,10,1,write,4096,False,True,1024,0.1425815533655091,0.03602879701896397,2
0,2,288,4,4096,False,lustre,False,10,1,write,4096,False,True,1024,0.2432515258252173,10.376293541461623,576
0,2,288,4,4096,False,lustre,False,10,1,write,4096,False,True,1024,0.24383330681016124,10.376293541461623,576
0,2,288,4,4096,False,lustre,False,10,1,write,4096,False,True,1024,0.19989333786922842,10.376293541461623,576
0,2,288,4,4096,False,lustre,False,10,1,write,4096,False,True,1024,0.17740306964602393,10.376293541461623,576
0,2,288,4,4096,False,lustre,False,10,1,write,4096,False,True,1024,0.17740716118194513,10.376293541461623,576
0,2,288,4,4096,False,lustre,False,10,1,write,4096,False,True,1024,0.19290309210247075,10.376293541461623,576
0,2,288,4,4096,False,lustre,False,10,1,write,4096,False,True,1024,0.19288095698687,10.376293541461623,576
0,2,288,4,4096,False,lustre,False,10,1,write,4096,False,True,1024,0.3353399792911634,10.376293541461623,576
0,2,288,4,4096,False,lustre,False,10,1,write,4096,False,True,1024,0.16474475939634628,10.376293541461623,576
0,2,288,4,4096,False,lustre,False,10,1,write,4096,False,True,1024,0.18220998671954894,10.376293541461623,576
0,8,16,4,4096,False,lustre,False,10,1,write,4096,False,True,1024,0.31183127408391703,2.305843009213694,128
0,8,16,4,4096,False,lustre,False,10,1,write,4096,False,True,1024,0.30633392890874694,2.305843009213694,128
0,8,16,4,4096,False,lustre,False,10,1,write,4096,False,True,1024,0.2794003125177844,2.305843009213694,128
0,8,16,4,4096,False,lustre,False,10,1,write,4096,False,True,1024,0.2795032755119785,2.305843009213694,128
0,8,16,4,4096,False,lustre,False,10,1,write,4096,False,True,1024,0.39160023332083177,2.305843009213694,128
0,8,16,4,4096,False,lustre,False,10,1,write,4096,False,True,1024,0.393735575041281,2.305843009213694,128
0,8,16,4,4096,False,lustre,False,10,1,write,4096,False,True,1024,0.33125445100143597,2.305843009213694,128
0,8,16,4,4096,False,lustre,False,10,1,write,4096,False,True,1024,0.312149644904184,2.305843009213694,128
0,8,16,4,4096,False,lustre,False,10,1,write,4096,False,True,1024,0.30942465721813245,2.305843009213694,128
0,8,16,4,4096,False,lustre,False,10,1,write,4096,False,True,1024,0.39874974997550905,2.305843009213694,128
0,1,16,4,4096,False,vast,False,10,1,write,4096,False,True,1024,0.2778549574516725,0.28823037615171176,16
0,1,16,4,4096,False,vast,False,10,1,write,4096,False,True,1024,0.31550055439836294,0.28823037615171176,16
0,1,16,4,4096,False,vast,False,10,1,write,4096,False,True,1024,0.2930710625649508,0.28823037615171176,16
0,1,16,4,4096,False,vast,False,10,1,write,4096,False,True,1024,0.3102039733929545,0.28823037615171176,16
0,1,16,4,4096,False,vast,False,10,1,write,4096,False,True,1024,0.2970434952116467,0.28823037615171176,16
0,1,16,4,4096,False,vast,False,10,1,write,4096,False,True,1024,0.2942468112980436,0.28823037615171176,16
0,1,16,4,4096,False,vast,False,10,1,write,4096,False,True,1024,0.30936978856327624,0.28823037615171176,16
0,1,16,4,4096,False,vast,False,10,1,write,4096,False,True,1024,0.2771820560765018,0.28823037615171176,16
0,1,16,4,4096,False,vast,False,10,1,write,4096,False,True,1024,0.27385405390173995,0.28823037615171176,16
0,1,16,4,4096,False,vast,False,10,1,write,4096,False,True,1024,0.277872803912332,0.28823037615171176,16
0,2,16,4,4096,False,lustre,False,10,1,write,4096,False,True,1024,0.2466304238177391,0.5764607523034235,32
0,2,16,4,4096,False,lustre,False,10,1,write,4096,False,True,1024,0.28924476214342876,0.5764607523034235,32
0,2,16,4,4096,False,lustre,False,10,1,write,4096,False,True,1024,0.24147428769492732,0.5764607523034235,32
0,2,16,4,4096,False,lustre,False,10,1,write,4096,False,True,1024,0.36461703860792727,0.5764607523034235,32
0,2,16,4,4096,False,lustre,False,10,1,write,4096,False,True,1024,0.2965647539983647,0.5764607523034235,32
0,2,16,4,4096,False,lustre,False,10,1,write,4096,False,True,1024,0.14382468205720927,0.5764607523034235,32
0,2,16,4,4096,False,lustre,False,10,1,write,4096,False,True,1024,0.30029955768306704,0.5764607523034235,32
0,2,16,4,4096,False,lustre,False,10,1,write,4096,False,True,1024,0.3027761520043261,0.5764607523034235,32
0,2,16,4,4096,False,lustre,False,10,1,write,4096,False,True,1024,0.28595059613519663,0.5764607523034235,32
0,2,16,4,4096,False,lustre,False,10,1,write,4096,False,True,1024,0.27148421847958093,0.5764607523034235,32
0,4,12,4,4096,False,lustre,False,10,1,write,4096,False,True,1024,0.4069502633949772,0.8646911284551352,48
0,4,12,4,4096,False,lustre,False,10,1,write,4096,False,True,1024,0.41227325216986677,0.8646911284551352,48
0,4,12,4,4096,False,lustre,False,10,1,write,4096,False,True,1024,0.4313882116081409,0.8646911284551352,48
0,4,12,4,4096,False,lustre,False,10,1,write,4096,False,True,1024,0.27445104657712593,0.8646911284551352,48
0,4,12,4,4096,False,lustre,False,10,1,write,4096,False,True,1024,0.3985888007046293,0.8646911284551352,48
0,4,12,4,4096,False,lustre,False,10,1,write,4096,False,True,1024,0.3863604709287104,0.8646911284551352,48
0,4,12,4,4096,False,lustre,False,10,1,write,4096,False,True,1024,0.2471055938745156,0.8646911284551352,48
0,4,12,4,4096,False,lustre,False,10,1,write,4096,False,True,1024,0.4099681850354202,0.8646911284551352,48
0,4,12,4,4096,False,lustre,False,10,1,write,4096,False,True,1024,0.35805028815612777,0.8646911284551352,48
0,4,12,4,4096,False,lustre,False,10,1,write,4096,False,True,1024,0.3463119486519995,0.8646911284551352,48
0,1,1,4,4096,False,lustre,False,10,1,write,4096,False,True,1024,0.10473538428015035,0.018014398509481985,1
0,1,1,4,4096,False,lustre,False,10,1,write,4096,False,True,1024,0.11322606791309692,0.018014398509481985,1
0,1,1,4,4096,False,lustre,False,10,1,write,4096,False,True,1024,0.11296623212307016,0.018014398509481985,1
0,1,1,4,4096,False,lustre,False,10,1,write,4096,False,True,1024,0.10176107102914453,0.018014398509481985,1
0,1,1,4,4096,False,lustre,False,10,1,write,4096,False,True,1024,0.11725116625764599,0.018014398509481985,1
0,1,1,4,4096,False,lustre,False,10,1,write,4096,False,True,1024,0.11651986905582479,0.018014398509481985,1
0,1,1,4,4096,False,lustre,False,10,1,write,4096,False,True,1024,0.11879438920196635,0.018014398509481985,1
0,1,1,4,4096,False,lustre,False,10,1,write,4096,False,True,1024,0.12306160750642953,0.018014398509481985,1
0,1,1,4,4096,False,lustre,False,10,1,write,4096,False,True,1024,0.12310120107740344,0.018014398509481985,1
0,1,1,4,4096,False,lustre,False,10,1,write,4096,False,True,1024,0.12452426047172303,0.018014398509481985,1
0,4,16,4,4096,False,lustre,False,10,1,write,4096,False,True,1024,0.3860395650592702,1.152921504606847,64
0,4,16,4,4096,False,lustre,False,10,1,write,4096,False,True,1024,0.23616991422919442,1.152921504606847,64
0,4,16,4,4096,False,lustre,False,10,1,write,4096,False,True,1024,0.34002775382287775,1.152921504606847,64
0,4,16,4,4096,False,lustre,False,10,1,write,4096,False,True,1024,0.30960465146834704,1.152921504606847,64
0,4,16,4,4096,False,lustre,False,10,1,write,4096,False,True,1024,0.36933381897569767,1.152921504606847,64
0,4,16,4,4096,False,lustre,False,10,1,write,4096,False,True,1024,0.44095431489891157,1.152921504606847,64
0,4,16,4,4096,False,lustre,False,10,1,write,4096,False,True,1024,0.4388532158555425,1.152921504606847,64
0,4,16,4,4096,False,lustre,False,10,1,write,4096,False,True,1024,0.3668656523077213,1.152921504606847,64
0,4,16,4,4096,False,lustre,False,10,1,write,4096,False,True,1024,0.41269396132581954,1.152921504606847,64
0,4,16,4,4096,False,lustre,False,10,1,write,4096,False,True,1024,0.43168440601897257,1.152921504606847,64
0,8,144,4,4096,False,vast,False,10,1,write,4096,False,True,1024,2.194541015181592,20.752587082923245,1152
0,8,144,4,4096,False,vast,False,10,1,write,4096,False,True,1024,2.05650007715352,20.752587082923245,1152
0,8,144,4,4096,False,vast,False,10,1,write,4096,False,True,1024,2.082991437264877,20.752587082923245,1152
0,8,144,4,4096,False,vast,False,10,1,write,4096,False,True,1024,2.0004967428305496,20.752587082923245,1152
0,8,144,4,4096,False,vast,False,10,1,write,4096,False,True,1024,2.0506072707768825,20.752587082923245,1152
0,8,144,4,4096,False,vast,False,10,1,write,4096,False,True,1024,2.0530468598978073,20.752587082923245,1152
0,8,144,4,4096,False,vast,False,10,1,write,4096,False,True,1024,1.8430590684912729,20.752587082923245,1152
0,8,144,4,4096,False,vast,False,10,1,write,4096,False,True,1024,1.877081350965153,20.752587082923245,1152
0,8,144,4,4096,False,vast,False,10,1,write,4096,False,True,1024,2.073850950608482,20.752587082923245,1152
0,8,144,4,4096,False,vast,False,10,1,write,4096,False,True,1024,2.2798155929841273,20.752587082923245,1152
0,1,16,4,4096,False,lustre,False,10,1,write,4096,False,True,1024,0.26679657347288055,0.28823037615171176,16
0,1,16,4,4096,False,lustre,False,10,1,write,4096,False,True,1024,0.2339716131027844,0.28823037615171176,16
0,1,16,4,4096,False,lustre,False,10,1,write,4096,False,True,1024,0.2714122394896416,0.28823037615171176,16
0,1,16,4,4096,False,lustre,False,10,1,write,4096,False,True,1024,0.2620673997974859,0.28823037615171176,16
0,1,16,4,4096,False,lustre,False,10,1,write,4096,False,True,1024,0.3028968178278879,0.28823037615171176,16
0,1,16,4,4096,False,lustre,False,10,1,write,4096,False,True,1024,0.19536467256154788,0.28823037615171176,16
0,1,16,4,4096,False,lustre,False,10,1,write,4096,False,True,1024,0.3260455003154192,0.28823037615171176,16
0,1,16,4,4096,False,lustre,False,10,1,write,4096,False,True,1024,0.23598747214800747,0.28823037615171176,16
0,1,16,4,4096,False,lustre,False,10,1,write,4096,False,True,1024,0.3177092742320411,0.28823037615171176,16
0,1,16,4,4096,False,lustre,False,10,1,write,4096,False,True,1024,0.19361802826184932,0.28823037615171176,16
0,1,8,4,4096,False,vast,False,10,1,write,4096,False,True,1024,0.22096490153996537,0.14411518807585588,8
0,1,8,4,4096,False,vast,False,10,1,write,4096,False,True,1024,0.2342408232170587,0.14411518807585588,8
0,1,8,4,4096,False,vast,False,10,1,write,4096,False,True,1024,0.2388181928472255,0.14411518807585588,8
0,1,8,4,4096,False,vast,False,10,1,write,4096,False,True,1024,0.2386466452858974,0.14411518807585588,8
0,1,8,4,4096,False,vast,False,10,1,write,4096,False,True,1024,0.24725786624090662,0.14411518807585588,8
0,1,8,4,4096,False,vast,False,10,1,write,4096,False,True,1024,0.2391436022502458,0.14411518807585588,8
0,1,8,4,4096,False,vast,False,10,1,write,4096,False,True,1024,0.2567384354237106,0.14411518807585588,8
0,1,8,4,4096,False,vast,False,10,1,write,4096,False,True,1024,0.26743415790871666,0.14411518807585588,8
0,1,8,4,4096,False,vast,False,10,1,write,4096,False,True,1024,0.23362932585821874,0.14411518807585588,8
0,1,8,4,4096,False,vast,False,10,1,write,4096,False,True,1024,0.28222728654458695,0.14411518807585588,8
0,1,2,4,4096,False,vast,False,10,1,write,4096,False,True,1024,0.13877526019781442,0.03602879701896397,2
0,1,2,4,4096,False,vast,False,10,1,write,4096,False,True,1024,0.1363403066153078,0.03602879701896397,2
0,1,2,4,4096,False,vast,False,10,1,write,4096,False,True,1024,0.13266350184560335,0.03602879701896397,2
0,1,2,4,4096,False,vast,False,10,1,write,4096,False,True,1024,0.13082762013813223,0.03602879701896397,2
0,1,2,4,4096,False,vast,False,10,1,write,4096,False,True,1024,0.13882012603621946,0.03602879701896397,2
0,1,2,4,4096,False,vast,False,10,1,write,4096,False,True,1024,0.1461818907035129,0.03602879701896397,2
0,1,2,4,4096,False,vast,False,10,1,write,4096,False,True,1024,0.14186050228139085,0.03602879701896397,2
0,1,2,4,4096,False,vast,False,10,1,write,4096,False,True,1024,0.13139988994734425,0.03602879701896397,2
0,1,2,4,4096,False,vast,False,10,1,write,4096,False,True,1024,0.1508123227193102,0.03602879701896397,2
0,1,2,4,4096,False,vast,False,10,1,write,4096,False,True,1024,0.13740854063954053,0.03602879701896397,2
0,1,1,4,4096,False,vast,False,10,1,write,4096,False,True,1024,0.07080049468319187,0.018014398509481985,1
0,1,1,4,4096,False,vast,False,10,1,write,4096,False,True,1024,0.06961919661168889,0.018014398509481985,1
0,1,1,4,4096,False,vast,False,10,1,write,4096,False,True,1024,0.07069984009756637,0.018014398509481985,1
0,1,1,4,4096,False,vast,False,10,1,write,4096,False,True,1024,0.07620865440180438,0.018014398509481985,1
0,1,1,4,4096,False,vast,False,10,1,write,4096,False,True,1024,0.0724517974599859,0.018014398509481985,1
0,1,1,4,4096,False,vast,False,10,1,write,4096,False,True,1024,0.07704491774783284,0.018014398509481985,1
0,1,1,4,4096,False,vast,False,10,1,write,4096,False,True,1024,0.06924609714704648,0.018014398509481985,1
0,1,1,4,4096,False,vast,False,10,1,write,4096,False,True,1024,0.07525969047555651,0.018014398509481985,1
0,1,1,4,4096,False,vast,False,10,1,write,4096,False,True,1024,0.07481596410570358,0.018014398509481985,1
0,1,1,4,4096,False,vast,False,10,1,write,4096,False,True,1024,0.06969082082224096,0.018014398509481985,1
0,1,144,4,4096,False,vast,False,10,1,write,4096,False,True,1024,0.4154388994768677,2.5940733853654057,144
0,1,144,4,4096,False,vast,False,10,1,write,4096,False,True,1024,0.35208922455154645,2.5940733853654057,144
0,1,144,4,4096,False,vast,False,10,1,write,4096,False,True,1024,0.3389254259271607,2.5940733853654057,144
0,1,144,4,4096,False,vast,False,10,1,write,4096,False,True,1024,0.342292109234616,2.5940733853654057,144
0,1,144,4,4096,False,vast,False,10,1,write,4096,False,True,1024,0.37090450426231275,2.5940733853654057,144
0,1,144,4,4096,False,vast,False,10,1,write,4096,False,True,1024,0.4128612855276403,2.5940733853654057,144
0,1,144,4,4096,False,vast,False,10,1,write,4096,False,True,1024,0.3752563911562595,2.5940733853654057,144
0,1,144,4,4096,False,vast,False,10,1,write,4096,False,True,1024,0.3658549895182886,2.5940733853654057,144
0,1,144,4,4096,False,vast,False,10,1,write,4096,False,True,1024,0.3375823523917743,2.5940733853654057,144
0,1,144,4,4096,False,vast,False,10,1,write,4096,False,True,1024,0.4465736313499012,2.5940733853654057,144
0,2,288,4,4096,False,vast,False,10,1,write,4096,False,True,1024,0.6856912520905871,10.376293541461623,576
0,2,288,4,4096,False,vast,False,10,1,write,4096,False,True,1024,0.7015379321052948,10.376293541461623,576
0,2,288,4,4096,False,vast,False,10,1,write,4096,False,True,1024,0.7202692047697501,10.376293541461623,576
0,2,288,4,4096,False,vast,False,10,1,write,4096,False,True,1024,0.695270227397246,10.376293541461623,576
0,2,288,4,4096,False,vast,False,10,1,write,4096,False,True,1024,0.6775639207204583,10.376293541461623,576
0,2,288,4,4096,False,vast,False,10,1,write,4096,False,True,1024,0.6845246009585189,10.376293541461623,576
0,2,288,4,4096,False,vast,False,10,1,write,4096,False,True,1024,0.6921137488445628,10.376293541461623,576
0,2,288,4,4096,False,vast,False,10,1,write,4096,False,True,1024,0.6943514557890623,10.376293541461623,576
0,2,288,4,4096,False,vast,False,10,1,write,4096,False,True,1024,0.7038700644377908,10.376293541461623,576
0,2,288,4,4096,False,vast,False,10,1,write,4096,False,True,1024,0.7025835411705927,10.376293541461623,576
0,4,1,4,4096,False,vast,False,10,1,write,4096,False,True,1024,0.24841038905252932,0.07205759403792794,4
0,4,1,4,4096,False,vast,False,10,1,write,4096,False,True,1024,0.2559944034425319,0.07205759403792794,4
0,4,1,4,4096,False,vast,False,10,1,write,4096,False,True,1024,0.24942167645047983,0.07205759403792794,4
0,4,1,4,4096,False,vast,False,10,1,write,4096,False,True,1024,0.2596504991726041,0.07205759403792794,4
0,4,1,4,4096,False,vast,False,10,1,write,4096,False,True,1024,0.2728816343532905,0.07205759403792794,4
0,4,1,4,4096,False,vast,False,10,1,write,4096,False,True,1024,0.272116569493787,0.07205759403792794,4
0,4,1,4,4096,False,vast,False,10,1,write,4096,False,True,1024,0.26266548127145434,0.07205759403792794,4
0,4,1,4,4096,False,vast,False,10,1,write,4096,False,True,1024,0.24064970510179423,0.07205759403792794,4
0,4,1,4,4096,False,vast,False,10,1,write,4096,False,True,1024,0.27260910466436783,0.07205759403792794,4
0,4,1,4,4096,False,vast,False,10,1,write,4096,False,True,1024,0.2643108627837673,0.07205759403792794,4
0,4,288,4,4096,False,vast,False,10,1,write,4096,False,True,1024,1.2165633455872813,20.752587082923245,1152
0,4,288,4,4096,False,vast,False,10,1,write,4096,False,True,1024,1.3097776589605044,20.752587082923245,1152
0,4,288,4,4096,False,vast,False,10,1,write,4096,False,True,1024,0.9054575568429699,20.752587082923245,1152
0,4,288,4,4096,False,vast,False,10,1,write,4096,False,True,1024,1.0483595932013912,20.752587082923245,1152
0,4,288,4,4096,False,vast,False,10,1,write,4096,False,True,1024,1.1971267242149066,20.752587082923245,1152
0,4,288,4,4096,False,vast,False,10,1,write,4096,False,True,1024,1.197492919102631,20.752587082923245,1152
0,4,288,4,4096,False,vast,False,10,1,write,4096,False,True,1024,1.2229517666251324,20.752587082923245,1152
0,4,288,4,4096,False,vast,False,10,1,write,4096,False,True,1024,0.9213709162547763,20.752587082923245,1152
0,4,288,4,4096,False,vast,False,10,1,write,4096,False,True,1024,0.9824100559347274,20.752587082923245,1152
0,4,288,4,4096,False,vast,False,10,1,write,4096,False,True,1024,1.4396042742735062,20.752587082923245,1152
0,8,144,4,4096,False,lustre,False,10,1,write,4096,False,True,1024,0.4111807977837561,20.752587082923245,1152
0,8,144,4,4096,False,lustre,False,10,1,write,4096,False,True,1024,0.4613666895545302,20.752587082923245,1152
0,8,144,4,4096,False,lustre,False,10,1,write,4096,False,True,1024,0.4747162241963156,20.752587082923245,1152
0,8,144,4,4096,False,lustre,False,10,1,write,4096,False,True,1024,0.48199180592488333,20.752587082923245,1152
0,8,144,4,4096,False,lustre,False,10,1,write,4096,False,True,1024,0.46664012526674603,20.752587082923245,1152
0,8,144,4,4096,False,lustre,False,10,1,write,4096,False,True,1024,0.46955721822959817,20.752587082923245,1152
0,8,144,4,4096,False,lustre,False,10,1,write,4096,False,True,1024,0.4455229168952675,20.752587082923245,1152
0,8,144,4,4096,False,lustre,False,10,1,write,4096,False,True,1024,0.4142841116804545,20.752587082923245,1152
0,8,144,4,4096,False,lustre,False,10,1,write,4096,False,True,1024,0.4651604985001587,20.752587082923245,1152
0,8,144,4,4096,False,lustre,False,10,1,write,4096,False,True,1024,0.48169809823315646,20.752587082923245,1152
0,4,144,4,4096,False,vast,False,10,1,write,4096,False,True,1024,1.1496467662045016,10.376293541461623,576
0,4,144,4,4096,False,vast,False,10,1,write,4096,False,True,1024,1.3159108060403883,10.376293541461623,576
0,4,144,4,4096,False,vast,False,10,1,write,4096,False,True,1024,1.1959912839652287,10.376293541461623,576
0,4,144,4,4096,False,vast,False,10,1,write,4096,False,True,1024,1.1167373125029085,10.376293541461623,576
0,4,144,4,4096,False,vast,False,10,1,write,4096,False,True,1024,1.1765124193330374,10.376293541461623,576
0,4,144,4,4096,False,vast,False,10,1,write,4096,False,True,1024,1.077625614733765,10.376293541461623,576
0,4,144,4,4096,False,vast,False,10,1,write,4096,False,True,1024,1.0792098887599477,10.376293541461623,576
0,4,144,4,4096,False,vast,False,10,1,write,4096,False,True,1024,1.135877902188264,10.376293541461623,576
0,4,144,4,4096,False,vast,False,10,1,write,4096,False,True,1024,1.1360162228397919,10.376293541461623,576
0,4,144,4,4096,False,vast,False,10,1,write,4096,False,True,1024,1.2906619889985396,10.376293541461623,576
0,4,24,4,4096,False,lustre,False,10,1,write,4096,False,True,1024,0.3895383121144109,1.7293822569102704,96
0,4,24,4,4096,False,lustre,False,10,1,write,4096,False,True,1024,0.3630794602272429,1.7293822569102704,96
0,4,24,4,4096,False,lustre,False,10,1,write,4096,False,True,1024,0.09447590980558777,1.7293822569102704,96
0,4,24,4,4096,False,lustre,False,10,1,write,4096,False,True,1024,0.09451383083795853,1.7293822569102704,96
0,4,24,4,4096,False,lustre,False,10,1,write,4096,False,True,1024,0.4183687179070395,1.7293822569102704,96
0,4,24,4,4096,False,lustre,False,10,1,write,4096,False,True,1024,0.4183580675428639,1.7293822569102704,96
0,4,24,4,4096,False,lustre,False,10,1,write,4096,False,True,1024,0.5788766354212982,1.7293822569102704,96
0,4,24,4,4096,False,lustre,False,10,1,write,4096,False,True,1024,0.5690787181975608,1.7293822569102704,96
0,4,24,4,4096,False,lustre,False,10,1,write,4096,False,True,1024,0.43820661460076604,1.7293822569102704,96
0,4,24,4,4096,False,lustre,False,10,1,write,4096,False,True,1024,0.4080387585316151,1.7293822569102704,96
0,4,144,4,4096,False,lustre,False,10,1,write,4096,False,True,1024,0.4594675484256641,10.376293541461623,576
0,4,144,4,4096,False,lustre,False,10,1,write,4096,False,True,1024,0.4652691889333577,10.376293541461623,576
0,4,144,4,4096,False,lustre,False,10,1,write,4096,False,True,1024,0.43803458747004037,10.376293541461623,576
0,4,144,4,4096,False,lustre,False,10,1,write,4096,False,True,1024,0.40940712707828725,10.376293541461623,576
0,4,144,4,4096,False,lustre,False,10,1,write,4096,False,True,1024,0.4564526957382974,10.376293541461623,576
0,4,144,4,4096,False,lustre,False,10,1,write,4096,False,True,1024,0.44071552364073724,10.376293541461623,576
0,4,144,4,4096,False,lustre,False,10,1,write,4096,False,True,1024,0.4618297147571938,10.376293541461623,576
0,4,144,4,4096,False,lustre,False,10,1,write,4096,False,True,1024,0.4727707910759866,10.376293541461623,576
0,4,144,4,4096,False,lustre,False,10,1,write,4096,False,True,1024,0.43647013624504083,10.376293541461623,576
0,4,144,4,4096,False,lustre,False,10,1,write,4096,False,True,1024,0.4734009487942518,10.376293541461623,576
0,2,8,4,4096,False,lustre,False,10,1,write,4096,False,True,1024,0.3398361382009479,0.28823037615171176,16
0,2,8,4,4096,False,lustre,False,10,1,write,4096,False,True,1024,0.353739496438133,0.28823037615171176,16
0,2,8,4,4096,False,lustre,False,10,1,write,4096,False,True,1024,0.16668614382892052,0.28823037615171176,16
0,2,8,4,4096,False,lustre,False,10,1,write,4096,False,True,1024,0.3592138582171651,0.28823037615171176,16
0,2,8,4,4096,False,lustre,False,10,1,write,4096,False,True,1024,0.3244528361232729,0.28823037615171176,16
0,2,8,4,4096,False,lustre,False,10,1,write,4096,False,True,1024,0.3617575458000471,0.28823037615171176,16
0,2,8,4,4096,False,lustre,False,10,1,write,4096,False,True,1024,0.3427572145632914,0.28823037615171176,16
0,2,8,4,4096,False,lustre,False,10,1,write,4096,False,True,1024,0.3674161634792417,0.28823037615171176,16
0,2,8,4,4096,False,lustre,False,10,1,write,4096,False,True,1024,0.24591761714732913,0.28823037615171176,16
0,2,8,4,4096,False,lustre,False,10,1,write,4096,False,True,1024,0.1483745953426706,0.28823037615171176,16
0,4,288,4,4096,False,lustre,False,10,1,write,4096,False,True,1024,0.2748372543502367,20.752587082923245,1152
0,4,288,4,4096,False,lustre,False,10,1,write,4096,False,True,1024,0.2655912669502927,20.752587082923245,1152
0,4,288,4,4096,False,lustre,False,10,1,write,4096,False,True,1024,0.26561263709218846,20.752587082923245,1152
0,4,288,4,4096,False,lustre,False,10,1,write,4096,False,True,1024,0.2018308154246658,20.752587082923245,1152
0,4,288,4,4096,False,lustre,False,10,1,write,4096,False,True,1024,0.20183395337437174,20.752587082923245,1152
0,4,288,4,4096,False,lustre,False,10,1,write,4096,False,True,1024,0.2066659472653754,20.752587082923245,1152
0,4,288,4,4096,False,lustre,False,10,1,write,4096,False,True,1024,0.20685427086198815,20.752587082923245,1152
0,4,288,4,4096,False,lustre,False,10,1,write,4096,False,True,1024,0.20689880517722595,20.752587082923245,1152
0,4,288,4,4096,False,lustre,False,10,1,write,4096,False,True,1024,0.2937120388066474,20.752587082923245,1152
0,4,288,4,4096,False,lustre,False,10,1,write,4096,False,True,1024,0.314814206912318,20.752587082923245,1152
0,2,16,4,4096,False,vast,False,10,1,write,4096,False,True,1024,0.4973800920817061,0.5764607523034235,32
0,2,16,4,4096,False,vast,False,10,1,write,4096,False,True,1024,0.627484611955699,0.5764607523034235,32
0,2,16,4,4096,False,vast,False,10,1,write,4096,False,True,1024,0.5088843601446201,0.5764607523034235,32
0,2,16,4,4096,False,vast,False,10,1,write,4096,False,True,1024,0.5732514361756955,0.5764607523034235,32
0,2,16,4,4096,False,vast,False,10,1,write,4096,False,True,1024,0.51990125849717,0.5764607523034235,32
0,2,16,4,4096,False,vast,False,10,1,write,4096,False,True,1024,0.6013605989223225,0.5764607523034235,32
0,2,16,4,4096,False,vast,False,10,1,write,4096,False,True,1024,0.5254051509115877,0.5764607523034235,32
0,2,16,4,4096,False,vast,False,10,1,write,4096,False,True,1024,0.5357393201934555,0.5764607523034235,32
0,2,16,4,4096,False,vast,False,10,1,write,4096,False,True,1024,0.6900256992525998,0.5764607523034235,32
0,2,16,4,4096,False,vast,False,10,1,write,4096,False,True,1024,0.6087807318779777,0.5764607523034235,32
0,1,24,4,4096,False,lustre,False,10,1,write,4096,False,True,1024,0.35028165497573044,0.4323455642275676,24
0,1,24,4,4096,False,lustre,False,10,1,write,4096,False,True,1024,0.3617853445608674,0.4323455642275676,24
0,1,24,4,4096,False,lustre,False,10,1,write,4096,False,True,1024,0.3640232457466599,0.4323455642275676,24
0,1,24,4,4096,False,lustre,False,10,1,write,4096,False,True,1024,0.2993147338321914,0.4323455642275676,24
0,1,24,4,4096,False,lustre,False,10,1,write,4096,False,True,1024,0.3389556515917743,0.4323455642275676,24
0,1,24,4,4096,False,lustre,False,10,1,write,4096,False,True,1024,0.3437814002742834,0.4323455642275676,24
0,1,24,4,4096,False,lustre,False,10,1,write,4096,False,True,1024,0.34343823934532636,0.4323455642275676,24
0,1,24,4,4096,False,lustre,False,10,1,write,4096,False,True,1024,0.3441199956156361,0.4323455642275676,24
0,1,24,4,4096,False,lustre,False,10,1,write,4096,False,True,1024,0.338924565798554,0.4323455642275676,24
0,1,24,4,4096,False,lustre,False,10,1,write,4096,False,True,1024,0.3051003263324207,0.4323455642275676,24
0,1,24,4,4096,False,vast,False,10,1,write,4096,False,True,1024,0.30885822714307376,0.4323455642275676,24
0,1,24,4,4096,False,vast,False,10,1,write,4096,False,True,1024,0.2970568116804099,0.4323455642275676,24
0,1,24,4,4096,False,vast,False,10,1,write,4096,False,True,1024,0.30164139701848,0.4323455642275676,24
0,1,24,4,4096,False,vast,False,10,1,write,4096,False,True,1024,0.2862861609952944,0.4323455642275676,24
0,1,24,4,4096,False,vast,False,10,1,write,4096,False,True,1024,0.274831168841775,0.4323455642275676,24
0,1,24,4,4096,False,vast,False,10,1,write,4096,False,True,1024,0.29680352429514056,0.4323455642275676,24
0,1,24,4,4096,False,vast,False,10,1,write,4096,False,True,1024,0.3263022286713411,0.4323455642275676,24
0,1,24,4,4096,False,vast,False,10,1,write,4096,False,True,1024,0.28955239957566037,0.4323455642275676,24
0,1,24,4,4096,False,vast,False,10,1,write,4096,False,True,1024,0.2939782059327803,0.4323455642275676,24
0,1,24,4,4096,False,vast,False,10,1,write,4096,False,True,1024,0.3183873299478685,0.4323455642275676,24
0,8,16,4,4096,False,vast,False,10,1,write,4096,False,True,1024,2.0164436309971143,2.305843009213694,128
0,8,16,4,4096,False,vast,False,10,1,write,4096,False,True,1024,1.919556268078732,2.305843009213694,128
0,8,16,4,4096,False,vast,False,10,1,write,4096,False,True,1024,2.044705441213808,2.305843009213694,128
0,8,16,4,4096,False,vast,False,10,1,write,4096,False,True,1024,2.1854385883094016,2.305843009213694,128
0,8,16,4,4096,False,vast,False,10,1,write,4096,False,True,1024,2.1836324827552676,2.305843009213694,128
0,8,16,4,4096,False,vast,False,10,1,write,4096,False,True,1024,1.746070829173976,2.305843009213694,128
0,8,16,4,4096,False,vast,False,10,1,write,4096,False,True,1024,1.9560463252278295,2.305843009213694,128
0,8,16,4,4096,False,vast,False,10,1,write,4096,False,True,1024,2.0478251418836684,2.305843009213694,128
0,8,16,4,4096,False,vast,False,10,1,write,4096,False,True,1024,1.636037106427422,2.305843009213694,128
0,8,16,4,4096,False,vast,False,10,1,write,4096,False,True,1024,2.062603042513369,2.305843009213694,128
0,2,144,4,4096,False,lustre,False,10,1,write,4096,False,True,1024,0.4136843282004849,5.188146770730811,288
0,2,144,4,4096,False,lustre,False,10,1,write,4096,False,True,1024,0.4523512713961667,5.188146770730811,288
0,2,144,4,4096,False,lustre,False,10,1,write,4096,False,True,1024,0.4102067808184365,5.188146770730811,288
0,2,144,4,4096,False,lustre,False,10,1,write,4096,False,True,1024,0.3432969591586593,5.188146770730811,288
0,2,144,4,4096,False,lustre,False,10,1,write,4096,False,True,1024,0.42001700785783097,5.188146770730811,288
0,2,144,4,4096,False,lustre,False,10,1,write,4096,False,True,1024,0.40243735583997015,5.188146770730811,288
0,2,144,4,4096,False,lustre,False,10,1,write,4096,False,True,1024,0.38690719809337043,5.188146770730811,288
0,2,144,4,4096,False,lustre,False,10,1,write,4096,False,True,1024,0.38142121399224355,5.188146770730811,288
0,2,144,4,4096,False,lustre,False,10,1,write,4096,False,True,1024,0.38818401727481955,5.188146770730811,288
0,2,144,4,4096,False,lustre,False,10,1,write,4096,False,True,1024,0.43714023846081845,5.188146770730811,288
0,8,12,4,4096,False,lustre,False,10,1,write,4096,False,True,1024,0.14246753705471243,1.7293822569102704,96
0,8,12,4,4096,False,lustre,False,10,1,write,4096,False,True,1024,0.18253493725044131,1.7293822569102704,96
0,8,12,4,4096,False,lustre,False,10,1,write,4096,False,True,1024,0.25091762319252764,1.7293822569102704,96
0,8,12,4,4096,False,lustre,False,10,1,write,4096,False,True,1024,0.46063543912107124,1.7293822569102704,96
0,8,12,4,4096,False,lustre,False,10,1,write,4096,False,True,1024,0.25327936422701613,1.7293822569102704,96
0,8,12,4,4096,False,lustre,False,10,1,write,4096,False,True,1024,0.2533118664343706,1.7293822569102704,96
0,8,12,4,4096,False,lustre,False,10,1,write,4096,False,True,1024,0.3730985962858261,1.7293822569102704,96
0,8,12,4,4096,False,lustre,False,10,1,write,4096,False,True,1024,0.27310715771620525,1.7293822569102704,96
0,8,12,4,4096,False,lustre,False,10,1,write,4096,False,True,1024,0.2731659667916169,1.7293822569102704,96
0,8,12,4,4096,False,lustre,False,10,1,write,4096,False,True,1024,0.4328354962299257,1.7293822569102704,96
0,2,12,4,4096,False,lustre,False,10,1,write,4096,False,True,1024,0.3934489955770825,0.4323455642275676,24
0,2,12,4,4096,False,lustre,False,10,1,write,4096,False,True,1024,0.2505003793384839,0.4323455642275676,24
0,2,12,4,4096,False,lustre,False,10,1,write,4096,False,True,1024,0.39282575791528374,0.4323455642275676,24
0,2,12,4,4096,False,lustre,False,10,1,write,4096,False,True,1024,0.38607198894205885,0.4323455642275676,24
0,2,12,4,4096,False,lustre,False,10,1,write,4096,False,True,1024,0.350298592846671,0.4323455642275676,24
0,2,12,4,4096,False,lustre,False,10,1,write,4096,False,True,1024,0.3639988107687811,0.4323455642275676,24
0,2,12,4,4096,False,lustre,False,10,1,write,4096,False,True,1024,0.3737080843606904,0.4323455642275676,24
0,2,12,4,4096,False,lustre,False,10,1,write,4096,False,True,1024,0.20814234548133304,0.4323455642275676,24
0,2,12,4,4096,False,lustre,False,10,1,write,4096,False,True,1024,0.3826481595234445,0.4323455642275676,24
0,2,12,4,4096,False,lustre,False,10,1,write,4096,False,True,1024,0.3653601086290611,0.4323455642275676,24
0,2,1,4,4096,False,lustre,False,10,1,write,4096,False,True,1024,0.15371292139241216,0.03602879701896397,2
0,2,1,4,4096,False,lustre,False,10,1,write,4096,False,True,1024,0.18356693457735263,0.03602879701896397,2
0,2,1,4,4096,False,lustre,False,10,1,write,4096,False,True,1024,0.1701135544815077,0.03602879701896397,2
0,2,1,4,4096,False,lustre,False,10,1,write,4096,False,True,1024,0.1677028098570012,0.03602879701896397,2
0,2,1,4,4096,False,lustre,False,10,1,write,4096,False,True,1024,0.1882960014315395,0.03602879701896397,2
0,2,1,4,4096,False,lustre,False,10,1,write,4096,False,True,1024,0.17814566206770951,0.03602879701896397,2
0,2,1,4,4096,False,lustre,False,10,1,write,4096,False,True,1024,0.2021163941487787,0.03602879701896397,2
0,2,1,4,4096,False,lustre,False,10,1,write,4096,False,True,1024,0.1736057192729569,0.03602879701896397,2
0,2,1,4,4096,False,lustre,False,10,1,write,4096,False,True,1024,0.17794643988238587,0.03602879701896397,2
0,2,1,4,4096,False,lustre,False,10,1,write,4096,False,True,1024,0.188819683344887,0.03602879701896397,2
0,8,1,4,4096,False,lustre,False,10,1,write,4096,False,True,1024,0.3005374738630858,0.14411518807585588,8
0,8,1,4,4096,False,lustre,False,10,1,write,4096,False,True,1024,0.3386684782917043,0.14411518807585588,8
0,8,1,4,4096,False,lustre,False,10,1,write,4096,False,True,1024,0.30992569757738736,0.14411518807585588,8
0,8,1,4,4096,False,lustre,False,10,1,write,4096,False,True,1024,0.36433968869166783,0.14411518807585588,8
0,8,1,4,4096,False,lustre,False,10,1,write,4096,False,True,1024,0.3256456251557505,0.14411518807585588,8
0,8,1,4,4096,False,lustre,False,10,1,write,4096,False,True,1024,0.31824831945798404,0.14411518807585588,8
0,8,1,4,4096,False,lustre,False,10,1,write,4096,False,True,1024,0.26736887823099825,0.14411518807585588,8
0,8,1,4,4096,False,lustre,False,10,1,write,4096,False,True,1024,0.3544553147705255,0.14411518807585588,8
0,8,1,4,4096,False,lustre,False,10,1,write,4096,False,True,1024,0.3586618066735855,0.14411518807585588,8
0,8,1,4,4096,False,lustre,False,10,1,write,4096,False,True,1024,0.3593242333738807,0.14411518807585588,8
0,8,8,4,4096,False,vast,False,10,1,write,4096,False,True,1024,1.5520779371861722,1.152921504606847,64
0,8,8,4,4096,False,vast,False,10,1,write,4096,False,True,1024,1.7947054867381202,1.152921504606847,64
0,8,8,4,4096,False,vast,False,10,1,write,4096,False,True,1024,1.7316800579328104,1.152921504606847,64
0,8,8,4,4096,False,vast,False,10,1,write,4096,False,True,1024,1.5974303525547549,1.152921504606847,64
0,8,8,4,4096,False,vast,False,10,1,write,4096,False,True,1024,1.6435480601889907,1.152921504606847,64
0,8,8,4,4096,False,vast,False,10,1,write,4096,False,True,1024,1.5787176553498066,1.152921504606847,64
0,8,8,4,4096,False,vast,False,10,1,write,4096,False,True,1024,0.7769882956977812,1.152921504606847,64
0,8,8,4,4096,False,vast,False,10,1,write,4096,False,True,1024,0.9785224787319987,1.152921504606847,64
0,8,8,4,4096,False,vast,False,10,1,write,4096,False,True,1024,0.9113003542091038,1.152921504606847,64
0,8,8,4,4096,False,vast,False,10,1,write,4096,False,True,1024,1.1810772622233434,1.152921504606847,64
0,8,2,4,4096,False,vast,False,10,1,write,4096,False,True,1024,0.9066552645851167,0.28823037615171176,16
0,8,2,4,4096,False,vast,False,10,1,write,4096,False,True,1024,0.7523554858342613,0.28823037615171176,16
0,8,2,4,4096,False,vast,False,10,1,write,4096,False,True,1024,0.6516959762045441,0.28823037615171176,16
0,8,2,4,4096,False,vast,False,10,1,write,4096,False,True,1024,0.6477984101586035,0.28823037615171176,16
0,8,2,4,4096,False,vast,False,10,1,write,4096,False,True,1024,0.7746181108327649,0.28823037615171176,16
0,8,2,4,4096,False,vast,False,10,1,write,4096,False,True,1024,0.6930418888125104,0.28823037615171176,16
0,8,2,4,4096,False,vast,False,10,1,write,4096,False,True,1024,0.550471187853386,0.28823037615171176,16
0,8,2,4,4096,False,vast,False,10,1,write,4096,False,True,1024,0.7124327284543462,0.28823037615171176,16
0,8,2,4,4096,False,vast,False,10,1,write,4096,False,True,1024,0.6846436602033864,0.28823037615171176,16
0,8,2,4,4096,False,vast,False,10,1,write,4096,False,True,1024,0.7169108271328075,0.28823037615171176,16
0,1,288,4,4096,False,vast,False,10,1,write,4096,False,True,1024,0.37186988835332124,5.188146770730811,288
0,1,288,4,4096,False,vast,False,10,1,write,4096,False,True,1024,0.37055071903366016,5.188146770730811,288
0,1,288,4,4096,False,vast,False,10,1,write,4096,False,True,1024,0.3762816978503416,5.188146770730811,288
0,1,288,4,4096,False,vast,False,10,1,write,4096,False,True,1024,0.4500582333891784,5.188146770730811,288
0,1,288,4,4096,False,vast,False,10,1,write,4096,False,True,1024,0.36605930169613865,5.188146770730811,288
0,1,288,4,4096,False,vast,False,10,1,write,4096,False,True,1024,0.3507288741293589,5.188146770730811,288
0,1,288,4,4096,False,vast,False,10,1,write,4096,False,True,1024,0.35120078111867253,5.188146770730811,288
0,1,288,4,4096,False,vast,False,10,1,write,4096,False,True,1024,0.37290282813041753,5.188146770730811,288
0,1,288,4,4096,False,vast,False,10,1,write,4096,False,True,1024,0.3493815785339199,5.188146770730811,288
0,1,288,4,4096,False,vast,False,10,1,write,4096,False,True,1024,0.34985340834170436,5.188146770730811,288
0,2,8,4,4096,False,vast,False,10,1,write,4096,False,True,1024,0.5487712133183155,0.28823037615171176,16
0,2,8,4,4096,False,vast,False,10,1,write,4096,False,True,1024,0.4383255766403981,0.28823037615171176,16
0,2,8,4,4096,False,vast,False,10,1,write,4096,False,True,1024,0.4483583265038941,0.28823037615171176,16
0,2,8,4,4096,False,vast,False,10,1,write,4096,False,True,1024,0.595697166409633,0.28823037615171176,16
0,2,8,4,4096,False,vast,False,10,1,write,4096,False,True,1024,0.5445512453386007,0.28823037615171176,16
0,2,8,4,4096,False,vast,False,10,1,write,4096,False,True,1024,0.43638928753324285,0.28823037615171176,16
0,2,8,4,4096,False,vast,False,10,1,write,4096,False,True,1024,0.46494224594356176,0.28823037615171176,16
0,2,8,4,4096,False,vast,False,10,1,write,4096,False,True,1024,0.5135544207233674,0.28823037615171176,16
0,2,8,4,4096,False,vast,False,10,1,write,4096,False,True,1024,0.5120456378567574,0.28823037615171176,16
0,2,8,4,4096,False,vast,False,10,1,write,4096,False,True,1024,0.4500961716232102,0.28823037615171176,16
0,4,8,4,4096,False,lustre,False,10,1,write,4096,False,True,1024,0.3631603899598782,0.5764607523034235,32
0,4,8,4,4096,False,lustre,False,10,1,write,4096,False,True,1024,0.3863867088760791,0.5764607523034235,32
0,4,8,4,4096,False,lustre,False,10,1,write,4096,False,True,1024,0.4105196451870099,0.5764607523034235,32
0,4,8,4,4096,False,lustre,False,10,1,write,4096,False,True,1024,0.412881014586729,0.5764607523034235,32
0,4,8,4,4096,False,lustre,False,10,1,write,4096,False,True,1024,0.3819801290173041,0.5764607523034235,32
0,4,8,4,4096,False,lustre,False,10,1,write,4096,False,True,1024,0.3872649191800589,0.5764607523034235,32
0,4,8,4,4096,False,lustre,False,10,1,write,4096,False,True,1024,0.38260186621980646,0.5764607523034235,32
0,4,8,4,4096,False,lustre,False,10,1,write,4096,False,True,1024,0.3727382339041273,0.5764607523034235,32
0,4,8,4,4096,False,lustre,False,10,1,write,4096,False,True,1024,0.38160801992481364,0.5764607523034235,32
0,4,8,4,4096,False,lustre,False,10,1,write,4096,False,True,1024,0.39712372988473904,0.5764607523034235,32
0,1,12,4,4096,False,lustre,False,10,1,write,4096,False,True,1024,0.19114736698038606,0.2161727821137838,12
0,1,12,4,4096,False,lustre,False,10,1,write,4096,False,True,1024,0.19396359112954634,0.2161727821137838,12
0,1,12,4,4096,False,lustre,False,10,1,write,4096,False,True,1024,0.3055221757609444,0.2161727821137838,12
0,1,12,4,4096,False,lustre,False,10,1,write,4096,False,True,1024,0.3272249033376477,0.2161727821137838,12
0,1,12,4,4096,False,lustre,False,10,1,write,4096,False,True,1024,0.3215567405896951,0.2161727821137838,12
0,1,12,4,4096,False,lustre,False,10,1,write,4096,False,True,1024,0.3137663229879018,0.2161727821137838,12
0,1,12,4,4096,False,lustre,False,10,1,write,4096,False,True,1024,0.31797661646321157,0.2161727821137838,12
0,1,12,4,4096,False,lustre,False,10,1,write,4096,False,True,1024,0.23923890921908028,0.2161727821137838,12
0,1,12,4,4096,False,lustre,False,10,1,write,4096,False,True,1024,0.2325156027419301,0.2161727821137838,12
0,1,12,4,4096,False,lustre,False,10,1,write,4096,False,True,1024,0.25425574080245716,0.2161727821137838,12
0,2,144,4,4096,False,vast,False,10,1,write,4096,False,True,1024,0.6900691568164012,5.188146770730811,288
0,2,144,4,4096,False,vast,False,10,1,write,4096,False,True,1024,0.6699905719796491,5.188146770730811,288
0,2,144,4,4096,False,vast,False,10,1,write,4096,False,True,1024,0.6199515768503004,5.188146770730811,288
0,2,144,4,4096,False,vast,False,10,1,write,4096,False,True,1024,0.7018327734111764,5.188146770730811,288
0,2,144,4,4096,False,vast,False,10,1,write,4096,False,True,1024,0.6286075969391154,5.188146770730811,288
0,2,144,4,4096,False,vast,False,10,1,write,4096,False,True,1024,0.6498386366106852,5.188146770730811,288
0,2,144,4,4096,False,vast,False,10,1,write,4096,False,True,1024,0.6313061242097673,5.188146770730811,288
0,2,144,4,4096,False,vast,False,10,1,write,4096,False,True,1024,0.6316060211732419,5.188146770730811,288
0,2,144,4,4096,False,vast,False,10,1,write,4096,False,True,1024,0.6722211334643723,5.188146770730811,288
0,2,144,4,4096,False,vast,False,10,1,write,4096,False,True,1024,0.6730502043440709,5.188146770730811,288
0,1,144,4,4096,False,lustre,False,10,1,write,4096,False,True,1024,0.34216203786121385,2.5940733853654057,144
0,1,144,4,4096,False,lustre,False,10,1,write,4096,False,True,1024,0.33886984192626146,2.5940733853654057,144
0,1,144,4,4096,False,lustre,False,10,1,write,4096,False,True,1024,0.36981847428537074,2.5940733853654057,144
0,1,144,4,4096,False,lustre,False,10,1,write,4096,False,True,1024,0.35962370698314067,2.5940733853654057,144
0,1,144,4,4096,False,lustre,False,10,1,write,4096,False,True,1024,0.36256170588909226,2.5940733853654057,144
0,1,144,4,4096,False,lustre,False,10,1,write,4096,False,True,1024,0.33935625941973074,2.5940733853654057,144
0,1,144,4,4096,False,lustre,False,10,1,write,4096,False,True,1024,0.3535718118172733,2.5940733853654057,144
0,1,144,4,4096,False,lustre,False,10,1,write,4096,False,True,1024,0.296079062996361,2.5940733853654057,144
0,1,144,4,4096,False,lustre,False,10,1,write,4096,False,True,1024,0.32007895891588783,2.5940733853654057,144
0,1,144,4,4096,False,lustre,False,10,1,write,4096,False,True,1024,0.3695109559747003,2.5940733853654057,144
0,8,288,4,4096,False,vast,False,10,1,write,4096,False,True,1024,1.5090978955534589,41.50517416584649,2304
0,8,288,4,4096,False,vast,False,10,1,write,4096,False,True,1024,1.5655624200215599,41.50517416584649,2304
0,8,288,4,4096,False,vast,False,10,1,write,4096,False,True,1024,2.0536476777846144,41.50517416584649,2304
0,8,288,4,4096,False,vast,False,10,1,write,4096,False,True,1024,1.562522016205931,41.50517416584649,2304
0,8,288,4,4096,False,vast,False,10,1,write,4096,False,True,1024,1.633729450486502,41.50517416584649,2304
0,8,288,4,4096,False,vast,False,10,1,write,4096,False,True,1024,2.2055847309925225,41.50517416584649,2304
0,8,288,4,4096,False,vast,False,10,1,write,4096,False,True,1024,1.7881960835623059,41.50517416584649,2304
0,8,288,4,4096,False,vast,False,10,1,write,4096,False,True,1024,1.7921831543496631,41.50517416584649,2304
0,8,288,4,4096,False,vast,False,10,1,write,4096,False,True,1024,1.879905653874936,41.50517416584649,2304
0,8,288,4,4096,False,vast,False,10,1,write,4096,False,True,1024,2.134814006257215,41.50517416584649,2304
0,1,288,4,4096,False,lustre,False,10,1,write,4096,False,True,1024,0.19225866906400269,5.188146770730811,288
0,1,288,4,4096,False,lustre,False,10,1,write,4096,False,True,1024,0.3037213683080254,5.188146770730811,288
0,1,288,4,4096,False,lustre,False,10,1,write,4096,False,True,1024,0.3005203992571309,5.188146770730811,288
0,1,288,4,4096,False,lustre,False,10,1,write,4096,False,True,1024,0.30059281026476775,5.188146770730811,288
0,1,288,4,4096,False,lustre,False,10,1,write,4096,False,True,1024,0.2210215783931367,5.188146770730811,288
0,1,288,4,4096,False,lustre,False,10,1,write,4096,False,True,1024,0.1679981175556118,5.188146770730811,288
0,1,288,4,4096,False,lustre,False,10,1,write,4096,False,True,1024,0.16799144615848585,5.188146770730811,288
0,1,288,4,4096,False,lustre,False,10,1,write,4096,False,True,1024,0.16801492106662186,5.188146770730811,288
0,1,288,4,4096,False,lustre,False,10,1,write,4096,False,True,1024,0.16800080157757877,5.188146770730811,288
0,1,288,4,4096,False,lustre,False,10,1,write,4096,False,True,1024,0.1772941433034152,5.188146770730811,288
0,8,2,4,4096,False,lustre,False,10,1,write,4096,False,True,1024,0.2100914792557609,0.28823037615171176,16
0,8,2,4,4096,False,lustre,False,10,1,write,4096,False,True,1024,0.3561113488934306,0.28823037615171176,16
0,8,2,4,4096,False,lustre,False,10,1,write,4096,False,True,1024,0.23679288776305896,0.28823037615171176,16
0,8,2,4,4096,False,lustre,False,10,1,write,4096,False,True,1024,0.3912194094515248,0.28823037615171176,16
0,8,2,4,4096,False,lustre,False,10,1,write,4096,False,True,1024,0.3176289524529181,0.28823037615171176,16
0,8,2,4,4096,False,lustre,False,10,1,write,4096,False,True,1024,0.2178879173794669,0.28823037615171176,16
0,8,2,4,4096,False,lustre,False,10,1,write,4096,False,True,1024,0.1286242151773326,0.28823037615171176,16
0,8,2,4,4096,False,lustre,False,10,1,write,4096,False,True,1024,0.12871485084430861,0.28823037615171176,16
0,8,2,4,4096,False,lustre,False,10,1,write,4096,False,True,1024,0.15218787392882435,0.28823037615171176,16
0,8,2,4,4096,False,lustre,False,10,1,write,4096,False,True,1024,0.09630078184141605,0.28823037615171176,16
0,4,24,4,4096,False,vast,False,10,1,write,4096,False,True,1024,1.096213715525942,1.7293822569102704,96
0,4,24,4,4096,False,vast,False,10,1,write,4096,False,True,1024,1.1508635538501955,1.7293822569102704,96
0,4,24,4,4096,False,vast,False,10,1,write,4096,False,True,1024,1.1654299053853108,1.7293822569102704,96
0,4,24,4,4096,False,vast,False,10,1,write,4096,False,True,1024,1.0964142459997315,1.7293822569102704,96
0,4,24,4,4096,False,vast,False,10,1,write,4096,False,True,1024,1.203411175224586,1.7293822569102704,96
0,4,24,4,4096,False,vast,False,10,1,write,4096,False,True,1024,1.1024490896989916,1.7293822569102704,96
0,4,24,4,4096,False,vast,False,10,1,write,4096,False,True,1024,0.8264180535119925,1.7293822569102704,96
0,4,24,4,4096,False,vast,False,10,1,write,4096,False,True,1024,1.0465146624908666,1.7293822569102704,96
0,4,24,4,4096,False,vast,False,10,1,write,4096,False,True,1024,1.0544710733968263,1.7293822569102704,96
0,4,24,4,4096,False,vast,False,10,1,write,4096,False,True,1024,1.168823791954865,1.7293822569102704,96
0,4,16,4,4096,False,vast,False,10,1,write,4096,False,True,1024,0.9773444212914731,1.152921504606847,64
0,4,16,4,4096,False,vast,False,10,1,write,4096,False,True,1024,1.0503204273482307,1.152921504606847,64
0,4,16,4,4096,False,vast,False,10,1,write,4096,False,True,1024,1.2167802429420576,1.152921504606847,64
0,4,16,4,4096,False,vast,False,10,1,write,4096,False,True,1024,0.9712511996639347,1.152921504606847,64
0,4,16,4,4096,False,vast,False,10,1,write,4096,False,True,1024,1.197815452221762,1.152921504606847,64
0,4,16,4,4096,False,vast,False,10,1,write,4096,False,True,1024,1.1073849415114987,1.152921504606847,64
0,4,16,4,4096,False,vast,False,10,1,write,4096,False,True,1024,1.1377381946158844,1.152921504606847,64
0,4,16,4,4096,False,vast,False,10,1,write,4096,False,True,1024,1.0577284540733214,1.152921504606847,64
0,4,16,4,4096,False,vast,False,10,1,write,4096,False,True,1024,0.953038574567456,1.152921504606847,64
0,4,16,4,4096,False,vast,False,10,1,write,4096,False,True,1024,1.1305874596014218,1.152921504606847,64
0,4,12,4,4096,False,vast,False,10,1,write,4096,False,True,1024,0.9295099100623768,0.8646911284551352,48
0,4,12,4,4096,False,vast,False,10,1,write,4096,False,True,1024,0.926720518672436,0.8646911284551352,48
0,4,12,4,4096,False,vast,False,10,1,write,4096,False,True,1024,0.8777666329049856,0.8646911284551352,48
0,4,12,4,4096,False,vast,False,10,1,write,4096,False,True,1024,0.9726436927231789,0.8646911284551352,48
0,4,12,4,4096,False,vast,False,10,1,write,4096,False,True,1024,0.9733287902174544,0.8646911284551352,48
0,4,12,4,4096,False,vast,False,10,1,write,4096,False,True,1024,0.9439815134597633,0.8646911284551352,48
0,4,12,4,4096,False,vast,False,10,1,write,4096,False,True,1024,0.5396456714673764,0.8646911284551352,48
0,4,12,4,4096,False,vast,False,10,1,write,4096,False,True,1024,0.9850386797950528,0.8646911284551352,48
0,4,12,4,4096,False,vast,False,10,1,write,4096,False,True,1024,1.0285430456712787,0.8646911284551352,48
0,4,12,4,4096,False,vast,False,10,1,write,4096,False,True,1024,1.1188079170764678,0.8646911284551352,48
0,1,2,4,4096,False,lustre,False,10,1,write,4096,False,True,1024,0.14733551192497443,0.03602879701896397,2
0,1,2,4,4096,False,lustre,False,10,1,write,4096,False,True,1024,0.14659755684702833,0.03602879701896397,2
0,1,2,4,4096,False,lustre,False,10,1,write,4096,False,True,1024,0.1231044862602308,0.03602879701896397,2
0,1,2,4,4096,False,lustre,False,10,1,write,4096,False,True,1024,0.07378159955801457,0.03602879701896397,2
0,1,2,4,4096,False,lustre,False,10,1,write,4096,False,True,1024,0.14563743923420538,0.03602879701896397,2
0,1,2,4,4096,False,lustre,False,10,1,write,4096,False,True,1024,0.15259531251833627,0.03602879701896397,2
0,1,2,4,4096,False,lustre,False,10,1,write,4096,False,True,1024,0.16916544637009234,0.03602879701896397,2
0,1,2,4,4096,False,lustre,False,10,1,write,4096,False,True,1024,0.17118470221698723,0.03602879701896397,2
0,1,2,4,4096,False,lustre,False,10,1,write,4096,False,True,1024,0.15657959018849243,0.03602879701896397,2
0,1,2,4,4096,False,lustre,False,10,1,write,4096,False,True,1024,0.17668614566738447,0.03602879701896397,2
0,2,2,4,4096,False,vast,False,10,1,write,4096,False,True,1024,0.28311147588534785,0.07205759403792794,4
0,2,2,4,4096,False,vast,False,10,1,write,4096,False,True,1024,0.25735969730156294,0.07205759403792794,4
0,2,2,4,4096,False,vast,False,10,1,write,4096,False,True,1024,0.27633207729214654,0.07205759403792794,4
0,2,2,4,4096,False,vast,False,10,1,write,4096,False,True,1024,0.28546593337957127,0.07205759403792794,4
0,2,2,4,4096,False,vast,False,10,1,write,4096,False,True,1024,0.28901132727824463,0.07205759403792794,4
0,2,2,4,4096,False,vast,False,10,1,write,4096,False,True,1024,0.27141591212926086,0.07205759403792794,4
0,2,2,4,4096,False,vast,False,10,1,write,4096,False,True,1024,0.27762544341137735,0.07205759403792794,4
0,2,2,4,4096,False,vast,False,10,1,write,4096,False,True,1024,0.2644651955251079,0.07205759403792794,4
0,2,2,4,4096,False,vast,False,10,1,write,4096,False,True,1024,0.27451597720862053,0.07205759403792794,4
0,2,2,4,4096,False,vast,False,10,1,write,4096,False,True,1024,0.24033772968420608,0.07205759403792794,4
0,2,24,4,4096,False,vast,False,10,1,write,4096,False,True,1024,0.5758308058781971,0.8646911284551352,48
0,2,24,4,4096,False,vast,False,10,1,write,4096,False,True,1024,0.6015618026954036,0.8646911284551352,48
0,2,24,4,4096,False,vast,False,10,1,write,4096,False,True,1024,0.5841956175272114,0.8646911284551352,48
0,2,24,4,4096,False,vast,False,10,1,write,4096,False,True,1024,0.555236343874986,0.8646911284551352,48
0,2,24,4,4096,False,vast,False,10,1,write,4096,False,True,1024,0.5813213762648669,0.8646911284551352,48
0,2,24,4,4096,False,vast,False,10,1,write,4096,False,True,1024,0.5888739306977119,0.8646911284551352,48
0,2,24,4,4096,False,vast,False,10,1,write,4096,False,True,1024,0.5347745043183731,0.8646911284551352,48
0,2,24,4,4096,False,vast,False,10,1,write,4096,False,True,1024,0.6204995376282444,0.8646911284551352,48
0,2,24,4,4096,False,vast,False,10,1,write,4096,False,True,1024,0.6182244197836805,0.8646911284551352,48
0,2,24,4,4096,False,vast,False,10,1,write,4096,False,True,1024,0.6088024011768965,0.8646911284551352,48
0,4,2,4,4096,False,vast,False,10,1,write,4096,False,True,1024,0.5075183007747226,0.14411518807585588,8
0,4,2,4,4096,False,vast,False,10,1,write,4096,False,True,1024,0.48391675162689296,0.14411518807585588,8
0,4,2,4,4096,False,vast,False,10,1,write,4096,False,True,1024,0.40108651520363564,0.14411518807585588,8
0,4,2,4,4096,False,vast,False,10,1,write,4096,False,True,1024,0.4475358589256257,0.14411518807585588,8
0,4,2,4,4096,False,vast,False,10,1,write,4096,False,True,1024,0.47683377976898866,0.14411518807585588,8
0,4,2,4,4096,False,vast,False,10,1,write,4096,False,True,1024,0.5028419763114059,0.14411518807585588,8
0,4,2,4,4096,False,vast,False,10,1,write,4096,False,True,1024,0.5333181978912344,0.14411518807585588,8
0,4,2,4,4096,False,vast,False,10,1,write,4096,False,True,1024,0.3323288810505086,0.14411518807585588,8
0,4,2,4,4096,False,vast,False,10,1,write,4096,False,True,1024,0.4992223147392479,0.14411518807585588,8
0,4,2,4,4096,False,vast,False,10,1,write,4096,False,True,1024,0.4792428283610689,0.14411518807585588,8
0,2,12,4,4096,False,vast,False,10,1,write,4096,False,True,1024,0.4772301279396391,0.4323455642275676,24
0,2,12,4,4096,False,vast,False,10,1,write,4096,False,True,1024,0.4597513122796086,0.4323455642275676,24
0,2,12,4,4096,False,vast,False,10,1,write,4096,False,True,1024,0.48788426643564275,0.4323455642275676,24
0,2,12,4,4096,False,vast,False,10,1,write,4096,False,True,1024,0.48252579169240395,0.4323455642275676,24
0,2,12,4,4096,False,vast,False,10,1,write,4096,False,True,1024,0.5208083263132006,0.4323455642275676,24
0,2,12,4,4096,False,vast,False,10,1,write,4096,False,True,1024,0.5551320174634353,0.4323455642275676,24
0,2,12,4,4096,False,vast,False,10,1,write,4096,False,True,1024,0.4792294722283342,0.4323455642275676,24
0,2,12,4,4096,False,vast,False,10,1,write,4096,False,True,1024,0.5197778329234058,0.4323455642275676,24
0,2,12,4,4096,False,vast,False,10,1,write,4096,False,True,1024,0.5258497882498055,0.4323455642275676,24
0,2,12,4,4096,False,vast,False,10,1,write,4096,False,True,1024,0.5401164284089975,0.4323455642275676,24
0,1,12,4,4096,False,vast,False,10,1,write,4096,False,True,1024,0.27881802279518186,0.2161727821137838,12
0,1,12,4,4096,False,vast,False,10,1,write,4096,False,True,1024,0.2618129068979241,0.2161727821137838,12
0,1,12,4,4096,False,vast,False,10,1,write,4096,False,True,1024,0.2578301494337681,0.2161727821137838,12
0,1,12,4,4096,False,vast,False,10,1,write,4096,False,True,1024,0.28688605322191774,0.2161727821137838,12
0,1,12,4,4096,False,vast,False,10,1,write,4096,False,True,1024,0.3012578570143749,0.2161727821137838,12
0,1,12,4,4096,False,vast,False,10,1,write,4096,False,True,1024,0.25729649648382574,0.2161727821137838,12
0,1,12,4,4096,False,vast,False,10,1,write,4096,False,True,1024,0.24474091817621735,0.2161727821137838,12
0,1,12,4,4096,False,vast,False,10,1,write,4096,False,True,1024,0.25890275727659295,0.2161727821137838,12
0,1,12,4,4096,False,vast,False,10,1,write,4096,False,True,1024,0.2413119517598837,0.2161727821137838,12
0,1,12,4,4096,False,vast,False,10,1,write,4096,False,True,1024,0.281223514108904,0.2161727821137838,12
0,1,8,4,4096,False,lustre,False,10,1,write,4096,False,True,1024,0.28888406546378703,0.14411518807585588,8
0,1,8,4,4096,False,lustre,False,10,1,write,4096,False,True,1024,0.2684990607426205,0.14411518807585588,8
0,1,8,4,4096,False,lustre,False,10,1,write,4096,False,True,1024,0.2285554702379626,0.14411518807585588,8
0,1,8,4,4096,False,lustre,False,10,1,write,4096,False,True,1024,0.19829827503443467,0.14411518807585588,8
0,1,8,4,4096,False,lustre,False,10,1,write,4096,False,True,1024,0.299867697839149,0.14411518807585588,8
0,1,8,4,4096,False,lustre,False,10,1,write,4096,False,True,1024,0.30264695875923486,0.14411518807585588,8
0,1,8,4,4096,False,lustre,False,10,1,write,4096,False,True,1024,0.3131591453046049,0.14411518807585588,8
0,1,8,4,4096,False,lustre,False,10,1,write,4096,False,True,1024,0.30309616323265454,0.14411518807585588,8
0,1,8,4,4096,False,lustre,False,10,1,write,4096,False,True,1024,0.2858804024626102,0.14411518807585588,8
0,1,8,4,4096,False,lustre,False,10,1,write,4096,False,True,1024,0.28565394875585925,0.14411518807585588,8
0,8,1,4,4096,False,vast,False,10,1,write,4096,False,True,1024,0.5030015934581173,0.14411518807585588,8
0,8,1,4,4096,False,vast,False,10,1,write,4096,False,True,1024,0.3689447539063699,0.14411518807585588,8
0,8,1,4,4096,False,vast,False,10,1,write,4096,False,True,1024,0.43007652918716294,0.14411518807585588,8
0,8,1,4,4096,False,vast,False,10,1,write,4096,False,True,1024,0.32318490588518983,0.14411518807585588,8
0,8,1,4,4096,False,vast,False,10,1,write,4096,False,True,1024,0.3947311318907487,0.14411518807585588,8
0,8,1,4,4096,False,vast,False,10,1,write,4096,False,True,1024,0.4698101657221994,0.14411518807585588,8
0,8,1,4,4096,False,vast,False,10,1,write,4096,False,True,1024,0.4726780340058155,0.14411518807585588,8
0,8,1,4,4096,False,vast,False,10,1,write,4096,False,True,1024,0.4740657000980853,0.14411518807585588,8
0,8,1,4,4096,False,vast,False,10,1,write,4096,False,True,1024,0.4658208701438793,0.14411518807585588,8
0,8,1,4,4096,False,vast,False,10,1,write,4096,False,True,1024,0.5344970183232537,0.14411518807585588,8
0,2,2,4,4096,False,lustre,False,10,1,write,4096,False,True,1024,0.011894300851664116,0.07205759403792794,4
0,2,2,4,4096,False,lustre,False,10,1,write,4096,False,True,1024,0.2640363308495534,0.07205759403792794,4
0,2,2,4,4096,False,lustre,False,10,1,write,4096,False,True,1024,0.28675724588749635,0.07205759403792794,4
0,2,2,4,4096,False,lustre,False,10,1,write,4096,False,True,1024,0.1195358538909961,0.07205759403792794,4
0,2,2,4,4096,False,lustre,False,10,1,write,4096,False,True,1024,0.055929669138191966,0.07205759403792794,4
0,2,2,4,4096,False,lustre,False,10,1,write,4096,False,True,1024,0.06414794171668856,0.07205759403792794,4
0,2,2,4,4096,False,lustre,False,10,1,write,4096,False,True,1024,0.06424057002229207,0.07205759403792794,4
0,2,2,4,4096,False,lustre,False,10,1,write,4096,False,True,1024,0.2685075620948604,0.07205759403792794,4
0,2,2,4,4096,False,lustre,False,10,1,write,4096,False,True,1024,0.2979289053414643,0.07205759403792794,4
0,2,2,4,4096,False,lustre,False,10,1,write,4096,False,True,1024,0.26229304802443754,0.07205759403792794,4
0,8,8,4,4096,False,lustre,False,10,1,write,4096,False,True,1024,0.3416033830803773,1.152921504606847,64
0,8,8,4,4096,False,lustre,False,10,1,write,4096,False,True,1024,0.18634594362483403,1.152921504606847,64
0,8,8,4,4096,False,lustre,False,10,1,write,4096,False,True,1024,0.19025711383024702,1.152921504606847,64
0,8,8,4,4096,False,lustre,False,10,1,write,4096,False,True,1024,0.22855707900941155,1.152921504606847,64
0,8,8,4,4096,False,lustre,False,10,1,write,4096,False,True,1024,0.11523120874816113,1.152921504606847,64
0,8,8,4,4096,False,lustre,False,10,1,write,4096,False,True,1024,0.11523593627583317,1.152921504606847,64
0,8,8,4,4096,False,lustre,False,10,1,write,4096,False,True,1024,0.17721481503097578,1.152921504606847,64
0,8,8,4,4096,False,lustre,False,10,1,write,4096,False,True,1024,0.3276507074187909,1.152921504606847,64
0,8,8,4,4096,False,lustre,False,10,1,write,4096,False,True,1024,0.44720991694549844,1.152921504606847,64
0,8,8,4,4096,False,lustre,False,10,1,write,4096,False,True,1024,0.3862571885577663,1.152921504606847,64
0,4,1,4,4096,False,lustre,False,10,1,write,4096,False,True,1024,0.2400676404801038,0.07205759403792794,4
0,4,1,4,4096,False,lustre,False,10,1,write,4096,False,True,1024,0.24423433086319388,0.07205759403792794,4
0,4,1,4,4096,False,lustre,False,10,1,write,4096,False,True,1024,0.2552977820953851,0.07205759403792794,4
0,4,1,4,4096,False,lustre,False,10,1,write,4096,False,True,1024,0.2783985817706501,0.07205759403792794,4
0,4,1,4,4096,False,lustre,False,10,1,write,4096,False,True,1024,0.2691800726844538,0.07205759403792794,4
0,4,1,4,4096,False,lustre,False,10,1,write,4096,False,True,1024,0.25020451237593294,0.07205759403792794,4
0,4,1,4,4096,False,lustre,False,10,1,write,4096,False,True,1024,0.2399521543539037,0.07205759403792794,4
0,4,1,4,4096,False,lustre,False,10,1,write,4096,False,True,1024,0.24095183697677136,0.07205759403792794,4
0,4,1,4,4096,False,lustre,False,10,1,write,4096,False,True,1024,0.251749689962486,0.07205759403792794,4
0,4,1,4,4096,False,lustre,False,10,1,write,4096,False,True,1024,0.27250318627211,0.07205759403792794,4
0,8,24,4,4096,False,vast,False,10,1,write,4096,False,True,1024,2.3642943219551826,3.4587645138205407,192
0,8,24,4,4096,False,vast,False,10,1,write,4096,False,True,1024,2.108224797418277,3.4587645138205407,192
0,8,24,4,4096,False,vast,False,10,1,write,4096,False,True,1024,1.778789786966182,3.4587645138205407,192
0,8,24,4,4096,False,vast,False,10,1,write,4096,False,True,1024,2.1622821818391746,3.4587645138205407,192
0,8,24,4,4096,False,vast,False,10,1,write,4096,False,True,1024,1.9001133976251017,3.4587645138205407,192
0,8,24,4,4096,False,vast,False,10,1,write,4096,False,True,1024,2.0601913569294696,3.4587645138205407,192
0,8,24,4,4096,False,vast,False,10,1,write,4096,False,True,1024,1.224293898002399,3.4587645138205407,192
0,8,24,4,4096,False,vast,False,10,1,write,4096,False,True,1024,2.1036780063539084,3.4587645138205407,192
0,8,24,4,4096,False,vast,False,10,1,write,4096,False,True,1024,2.0546908779619444,3.4587645138205407,192
0,8,24,4,4096,False,vast,False,10,1,write,4096,False,True,1024,2.135739688164971,3.4587645138205407,192
0,8,288,4,4096,False,lustre,False,10,1,write,4096,False,True,1024,0.22615880279281794,41.50517416584649,2304
0,8,288,4,4096,False,lustre,False,10,1,write,4096,False,True,1024,0.2862950316169788,41.50517416584649,2304
0,8,288,4,4096,False,lustre,False,10,1,write,4096,False,True,1024,0.28631029008756237,41.50517416584649,2304
0,8,288,4,4096,False,lustre,False,10,1,write,4096,False,True,1024,0.30699623132074955,41.50517416584649,2304
0,8,288,4,4096,False,lustre,False,10,1,write,4096,False,True,1024,0.1806488597743299,41.50517416584649,2304
0,8,288,4,4096,False,lustre,False,10,1,write,4096,False,True,1024,0.28479068078123726,41.50517416584649,2304
0,8,288,4,4096,False,lustre,False,10,1,write,4096,False,True,1024,0.2847890744649361,41.50517416584649,2304
0,8,288,4,4096,False,lustre,False,10,1,write,4096,False,True,1024,0.28482644516953737,41.50517416584649,2304
0,8,288,4,4096,False,lustre,False,10,1,write,4096,False,True,1024,0.2848774258143231,41.50517416584649,2304
0,8,288,4,4096,False,lustre,False,10,1,write,4096,False,True,1024,0.2848854203214296,41.50517416584649,2304
0,8,12,4,4096,False,vast,False,10,1,write,4096,False,True,1024,1.84461065034451,1.7293822569102704,96
0,8,12,4,4096,False,vast,False,10,1,write,4096,False,True,1024,1.6777894928008512,1.7293822569102704,96
0,8,12,4,4096,False,vast,False,10,1,write,4096,False,True,1024,1.8711387118427862,1.7293822569102704,96
0,8,12,4,4096,False,vast,False,10,1,write,4096,False,True,1024,1.8982033016107873,1.7293822569102704,96
0,8,12,4,4096,False,vast,False,10,1,write,4096,False,True,1024,1.7762113323892732,1.7293822569102704,96
0,8,12,4,4096,False,vast,False,10,1,write,4096,False,True,1024,1.044072735521622,1.7293822569102704,96
0,8,12,4,4096,False,vast,False,10,1,write,4096,False,True,1024,1.3147649651472486,1.7293822569102704,96
0,8,12,4,4096,False,vast,False,10,1,write,4096,False,True,1024,1.59474041541453,1.7293822569102704,96
0,8,12,4,4096,False,vast,False,10,1,write,4096,False,True,1024,1.762799809177796,1.7293822569102704,96
0,8,12,4,4096,False,vast,False,10,1,write,4096,False,True,1024,1.7934292680794686,1.7293822569102704,96
0,2,24,4,4096,False,lustre,False,10,1,write,4096,False,True,1024,0.3588836484605663,0.8646911284551352,48
0,2,24,4,4096,False,lustre,False,10,1,write,4096,False,True,1024,0.3472710609226809,0.8646911284551352,48
0,2,24,4,4096,False,lustre,False,10,1,write,4096,False,True,1024,0.3999963339505847,0.8646911284551352,48
0,2,24,4,4096,False,lustre,False,10,1,write,4096,False,True,1024,0.4126025048264231,0.8646911284551352,48
0,2,24,4,4096,False,lustre,False,10,1,write,4096,False,True,1024,0.40497885852070264,0.8646911284551352,48
0,2,24,4,4096,False,lustre,False,10,1,write,4096,False,True,1024,0.4115804308382756,0.8646911284551352,48
0,2,24,4,4096,False,lustre,False,10,1,write,4096,False,True,1024,0.2663849557607468,0.8646911284551352,48
0,2,24,4,4096,False,lustre,False,10,1,write,4096,False,True,1024,0.41519722126581743,0.8646911284551352,48
0,2,24,4,4096,False,lustre,False,10,1,write,4096,False,True,1024,0.41858124189346685,0.8646911284551352,48
0,2,24,4,4096,False,lustre,False,10,1,write,4096,False,True,1024,0.36878953572708,0.8646911284551352,48
